engine,map_kind,operation,implementation,round,ns_per_helper
kernel,array,lookup,control,1,1190.0832
kernel,array,lookup,real,1,2641.3136
kernel,array,lookup,real-minus-control,1,1.4512304
kernel,array,update,control,1,863.8272
kernel,array,update,real,1,11889.944
kernel,array,update,real-minus-control,1,11.0261168
kernel,percpu_array,lookup,control,1,1190.5856
kernel,percpu_array,lookup,real,1,3238.5216
kernel,percpu_array,lookup,real-minus-control,1,2.047936
kernel,percpu_array,update,control,1,954.1424
kernel,percpu_array,update,real,1,15357.536
kernel,percpu_array,update,real-minus-control,1,14.4033936
kernel,hash,lookup,control,1,1187.904
kernel,hash,lookup,real,1,27158.76
kernel,hash,lookup,real-minus-control,1,25.970856
kernel,hash,update,control,1,966.768
kernel,hash,update,real,1,92521.1536
kernel,hash,update,real-minus-control,1,91.5543856
kernel,percpu_hash,lookup,control,1,1189.2368
kernel,percpu_hash,lookup,real,1,28275.2736
kernel,percpu_hash,lookup,real-minus-control,1,27.0860368
kernel,percpu_hash,update,control,1,937.1136
kernel,percpu_hash,update,real,1,66759.4224
kernel,percpu_hash,update,real-minus-control,1,65.8223088
kernel,array,lookup,real,2,2640.968
kernel,array,lookup,control,2,1189.2624
kernel,array,lookup,real-minus-control,2,1.4517056
kernel,array,update,real,2,11889.408
kernel,array,update,control,2,863.64
kernel,array,update,real-minus-control,2,11.025768
kernel,percpu_array,lookup,real,2,3237.6208
kernel,percpu_array,lookup,control,2,1190.5328
kernel,percpu_array,lookup,real-minus-control,2,2.047088
kernel,percpu_array,update,real,2,15357.2528
kernel,percpu_array,update,control,2,953.9424
kernel,percpu_array,update,real-minus-control,2,14.4033104
kernel,hash,lookup,real,2,27099.1056
kernel,hash,lookup,control,2,1187.3408
kernel,hash,lookup,real-minus-control,2,25.9117648
kernel,hash,update,real,2,92541.8704
kernel,hash,update,control,2,970.2144
kernel,hash,update,real-minus-control,2,91.571656
kernel,percpu_hash,lookup,real,2,28266.408
kernel,percpu_hash,lookup,control,2,1188.8656
kernel,percpu_hash,lookup,real-minus-control,2,27.0775424
kernel,percpu_hash,update,real,2,66737.696
kernel,percpu_hash,update,control,2,936.4304
kernel,percpu_hash,update,real-minus-control,2,65.8012656
kernel,array,lookup,control,3,1188.2672
kernel,array,lookup,real,3,2642.5632
kernel,array,lookup,real-minus-control,3,1.454296
kernel,array,update,control,3,863.9792
kernel,array,update,real,3,11890.1392
kernel,array,update,real-minus-control,3,11.02616
kernel,percpu_array,lookup,control,3,1189.8656
kernel,percpu_array,lookup,real,3,3240.4048
kernel,percpu_array,lookup,real-minus-control,3,2.0505392
kernel,percpu_array,update,control,3,951.6192
kernel,percpu_array,update,real,3,15356.9392
kernel,percpu_array,update,real-minus-control,3,14.40532
kernel,hash,lookup,control,3,1188.6464
kernel,hash,lookup,real,3,27228.9024
kernel,hash,lookup,real-minus-control,3,26.040256
kernel,hash,update,control,3,969.8336
kernel,hash,update,real,3,92383.1792
kernel,hash,update,real-minus-control,3,91.4133456
kernel,percpu_hash,lookup,control,3,1188.3984
kernel,percpu_hash,lookup,real,3,28338.696
kernel,percpu_hash,lookup,real-minus-control,3,27.1502976
kernel,percpu_hash,update,control,3,936.3504
kernel,percpu_hash,update,real,3,66723.5456
kernel,percpu_hash,update,real-minus-control,3,65.7871952
kernel,array,lookup,real,4,2642.7504
kernel,array,lookup,control,4,1188.48
kernel,array,lookup,real-minus-control,4,1.4542704
kernel,array,update,real,4,11887.3968
kernel,array,update,control,4,863.568
kernel,array,update,real-minus-control,4,11.0238288
kernel,percpu_array,lookup,real,4,3239.032
kernel,percpu_array,lookup,control,4,1189.9536
kernel,percpu_array,lookup,real-minus-control,4,2.0490784
kernel,percpu_array,update,real,4,15355.8544
kernel,percpu_array,update,control,4,953.7696
kernel,percpu_array,update,real-minus-control,4,14.4020848
kernel,hash,lookup,real,4,27155.9872
kernel,hash,lookup,control,4,1190.5488
kernel,hash,lookup,real-minus-control,4,25.9654384
kernel,hash,update,real,4,92545.7072
kernel,hash,update,control,4,970.4096
kernel,hash,update,real-minus-control,4,91.5752976
kernel,percpu_hash,lookup,real,4,28313.1456
kernel,percpu_hash,lookup,control,4,1188.6992
kernel,percpu_hash,lookup,real-minus-control,4,27.1244464
kernel,percpu_hash,update,real,4,66745.8656
kernel,percpu_hash,update,control,4,938.536
kernel,percpu_hash,update,real-minus-control,4,65.8073296
kernel,array,lookup,control,5,1187.888
kernel,array,lookup,real,5,2644.2224
kernel,array,lookup,real-minus-control,5,1.4563344
kernel,array,update,control,5,863.864
kernel,array,update,real,5,11905.6848
kernel,array,update,real-minus-control,5,11.0418208
kernel,percpu_array,lookup,control,5,1189.4688
kernel,percpu_array,lookup,real,5,3239.5232
kernel,percpu_array,lookup,real-minus-control,5,2.0500544
kernel,percpu_array,update,control,5,957.6256
kernel,percpu_array,update,real,5,15365.6656
kernel,percpu_array,update,real-minus-control,5,14.40804
kernel,hash,lookup,control,5,1188.5536
kernel,hash,lookup,real,5,27092.7168
kernel,hash,lookup,real-minus-control,5,25.9041632
kernel,hash,update,control,5,970.4608
kernel,hash,update,real,5,92529.6976
kernel,hash,update,real-minus-control,5,91.5592368
kernel,percpu_hash,lookup,control,5,1188.472
kernel,percpu_hash,lookup,real,5,28393.1392
kernel,percpu_hash,lookup,real-minus-control,5,27.2046672
kernel,percpu_hash,update,control,5,938.0288
kernel,percpu_hash,update,real,5,66744.8336
kernel,percpu_hash,update,real-minus-control,5,65.8068048
bpftime,array,lookup,noop,1,1.85175743
bpftime,array,lookup,real,1,12.41341605
bpftime,array,lookup,real-minus-noop,1,10.56165862
bpftime,array,lookup,noop,2,1.85477918
bpftime,array,lookup,real,2,12.41469585
bpftime,array,lookup,real-minus-noop,2,10.55991667
bpftime,array,lookup,noop,3,1.84973437
bpftime,array,lookup,real,3,12.41415974
bpftime,array,lookup,real-minus-noop,3,10.56442537
bpftime,array,lookup,noop,4,1.85073103
bpftime,array,lookup,real,4,12.41256099
bpftime,array,lookup,real-minus-noop,4,10.56182996
bpftime,array,lookup,noop,5,1.84939814
bpftime,array,lookup,real,5,12.41181266
bpftime,array,lookup,real-minus-noop,5,10.56241452
bpftime,array,update,noop,1,2.32622087
bpftime,array,update,real,1,18.91977514
bpftime,array,update,real-minus-noop,1,16.59355427
bpftime,array,update,noop,2,2.3260602
bpftime,array,update,real,2,18.92166772
bpftime,array,update,real-minus-noop,2,16.59560752
bpftime,array,update,noop,3,2.32562168
bpftime,array,update,real,3,18.91849023
bpftime,array,update,real-minus-noop,3,16.59286855
bpftime,array,update,noop,4,2.32705183
bpftime,array,update,real,4,18.92409731
bpftime,array,update,real-minus-noop,4,16.59704548
bpftime,array,update,noop,5,2.32546069
bpftime,array,update,real,5,18.92152687
bpftime,array,update,real-minus-noop,5,16.59606618
bpftime,hash,lookup,noop,1,1.853981
bpftime,hash,lookup,real,1,43.31952895
bpftime,hash,lookup,real-minus-noop,1,41.46554795
bpftime,hash,lookup,noop,2,1.8499198
bpftime,hash,lookup,real,2,43.3254945
bpftime,hash,lookup,real-minus-noop,2,41.4755747
bpftime,hash,lookup,noop,3,1.8789537
bpftime,hash,lookup,real,3,43.3245027
bpftime,hash,lookup,real-minus-noop,3,41.445549
bpftime,hash,lookup,noop,4,1.85273275
bpftime,hash,lookup,real,4,43.32061955
bpftime,hash,lookup,real-minus-noop,4,41.4678868
bpftime,hash,lookup,noop,5,1.8498493
bpftime,hash,lookup,real,5,43.31456175
bpftime,hash,lookup,real-minus-noop,5,41.46471245
bpftime,hash,update,noop,1,2.3277037
bpftime,hash,update,real,1,55.32017565
bpftime,hash,update,real-minus-noop,1,52.99247195
bpftime,hash,update,noop,2,2.3268827
bpftime,hash,update,real,2,55.29932435
bpftime,hash,update,real-minus-noop,2,52.97244165
bpftime,hash,update,noop,3,2.32561065
bpftime,hash,update,real,3,55.2880527
bpftime,hash,update,real-minus-noop,3,52.96244205
bpftime,hash,update,noop,4,2.32720095
bpftime,hash,update,real,4,55.29748175
bpftime,hash,update,real-minus-noop,4,52.9702808
bpftime,hash,update,noop,5,2.3271402
bpftime,hash,update,real,5,55.29537545
bpftime,hash,update,real-minus-noop,5,52.96823525
bpftime,percpu_array,lookup,noop,1,1.8525873
bpftime,percpu_array,lookup,real,1,22.3390799
bpftime,percpu_array,lookup,real-minus-noop,1,20.4864926
bpftime,percpu_array,lookup,noop,2,1.85638465
bpftime,percpu_array,lookup,real,2,22.33775384
bpftime,percpu_array,lookup,real-minus-noop,2,20.48136919
bpftime,percpu_array,lookup,noop,3,1.84963733
bpftime,percpu_array,lookup,real,3,22.33744455
bpftime,percpu_array,lookup,real-minus-noop,3,20.48780722
bpftime,percpu_array,lookup,noop,4,1.85131392
bpftime,percpu_array,lookup,real,4,22.33626
bpftime,percpu_array,lookup,real-minus-noop,4,20.48494608
bpftime,percpu_array,lookup,noop,5,1.86083453
bpftime,percpu_array,lookup,real,5,22.33758408
bpftime,percpu_array,lookup,real-minus-noop,5,20.47674955
bpftime,percpu_array,update,noop,1,2.32641991
bpftime,percpu_array,update,real,1,62.71006408
bpftime,percpu_array,update,real-minus-noop,1,60.38364417
bpftime,percpu_array,update,noop,2,2.3263683
bpftime,percpu_array,update,real,2,62.74125627
bpftime,percpu_array,update,real-minus-noop,2,60.41488797
bpftime,percpu_array,update,noop,3,2.32559513
bpftime,percpu_array,update,real,3,62.74847933
bpftime,percpu_array,update,real-minus-noop,3,60.4228842
bpftime,percpu_array,update,noop,4,2.32613686
bpftime,percpu_array,update,real,4,62.7454546
bpftime,percpu_array,update,real-minus-noop,4,60.41931774
bpftime,percpu_array,update,noop,5,2.32549457
bpftime,percpu_array,update,real,5,62.74705718
bpftime,percpu_array,update,real-minus-noop,5,60.42156261
bpftime,percpu_hash,lookup,noop,1,1.8747593
bpftime,percpu_hash,lookup,real,1,117.54591265
bpftime,percpu_hash,lookup,real-minus-noop,1,115.67115335
bpftime,percpu_hash,lookup,noop,2,1.85188075
bpftime,percpu_hash,lookup,real,2,117.48294625
bpftime,percpu_hash,lookup,real-minus-noop,2,115.6310655
bpftime,percpu_hash,lookup,noop,3,1.86595685
bpftime,percpu_hash,lookup,real,3,117.5666898
bpftime,percpu_hash,lookup,real-minus-noop,3,115.70073295
bpftime,percpu_hash,lookup,noop,4,1.85811125
bpftime,percpu_hash,lookup,real,4,117.6049471
bpftime,percpu_hash,lookup,real-minus-noop,4,115.74683585
bpftime,percpu_hash,lookup,noop,5,1.8523797
bpftime,percpu_hash,lookup,real,5,117.5843594
bpftime,percpu_hash,lookup,real-minus-noop,5,115.7319797
bpftime,percpu_hash,update,noop,1,2.3277184
bpftime,percpu_hash,update,real,1,197.6485603
bpftime,percpu_hash,update,real-minus-noop,1,195.3208419
bpftime,percpu_hash,update,noop,2,2.3271162
bpftime,percpu_hash,update,real,2,197.63053305
bpftime,percpu_hash,update,real-minus-noop,2,195.30341685
bpftime,percpu_hash,update,noop,3,2.32704895
bpftime,percpu_hash,update,real,3,197.6291161
bpftime,percpu_hash,update,real-minus-noop,3,195.30206715
bpftime,percpu_hash,update,noop,4,2.32591075
bpftime,percpu_hash,update,real,4,197.64488815
bpftime,percpu_hash,update,real-minus-noop,4,195.3189774
bpftime,percpu_hash,update,noop,5,2.3256195
bpftime,percpu_hash,update,real,5,197.6143434
bpftime,percpu_hash,update,real-minus-noop,5,195.2887239
