tag,case,control,reason,environment,metric,run,iterations,real_count,control_count,net_per_helper
lf0064,hash_lookup,lookup_control,low-load ordinary lookup,kernel,cycles,1,5000,186843790.000,43128329.000,28.743092200
lf0064,hash_lookup,lookup_control,low-load ordinary lookup,kernel,cycles,2,5000,187056476.000,42848339.000,28.841627400
lf0064,hash_lookup,lookup_control,low-load ordinary lookup,kernel,cycles,3,5000,187034904.000,42831665.000,28.840647800
lf0064,hash_lookup,lookup_control,low-load ordinary lookup,kernel,instructions,1,5000,717916545.000,122442073.000,119.094894400
lf0064,hash_lookup,lookup_control,low-load ordinary lookup,kernel,instructions,2,5000,717861987.000,122413731.000,119.089651200
lf0064,hash_lookup,lookup_control,low-load ordinary lookup,kernel,instructions,3,5000,717914162.000,122410870.000,119.100658400
lf0064,hash_lookup,lookup_control,low-load ordinary lookup,bpftime,cycles,1,5000,549066090.000,209747336.000,67.863750800
lf0064,hash_lookup,lookup_control,low-load ordinary lookup,bpftime,cycles,2,5000,546559760.000,207375646.000,67.836822800
lf0064,hash_lookup,lookup_control,low-load ordinary lookup,bpftime,cycles,3,5000,549137305.000,207162354.000,68.394990200
lf0064,hash_lookup,lookup_control,low-load ordinary lookup,bpftime,instructions,1,5000,1801202984.000,371295168.000,285.981563200
lf0064,hash_lookup,lookup_control,low-load ordinary lookup,bpftime,instructions,2,5000,1801137637.000,371645045.000,285.898518400
lf0064,hash_lookup,lookup_control,low-load ordinary lookup,bpftime,instructions,3,5000,1801548433.000,371060133.000,286.097660000
lf0064,percpu_hash_lookup,lookup_control,low-load per-CPU lookup,kernel,cycles,1,5000,195956196.000,42859476.000,30.619344000
lf0064,percpu_hash_lookup,lookup_control,low-load per-CPU lookup,kernel,cycles,2,5000,195798567.000,42985080.000,30.562697400
lf0064,percpu_hash_lookup,lookup_control,low-load per-CPU lookup,kernel,cycles,3,5000,195854824.000,42840674.000,30.602830000
lf0064,percpu_hash_lookup,lookup_control,low-load per-CPU lookup,kernel,instructions,1,5000,743357974.000,122403357.000,124.190923400
lf0064,percpu_hash_lookup,lookup_control,low-load per-CPU lookup,kernel,instructions,2,5000,743420077.000,122417579.000,124.200499600
lf0064,percpu_hash_lookup,lookup_control,low-load per-CPU lookup,kernel,instructions,3,5000,743378765.000,122410418.000,124.193669400
lf0064,percpu_hash_lookup,lookup_control,low-load per-CPU lookup,bpftime,cycles,1,5000,1461639832.000,205500536.000,251.227859200
lf0064,percpu_hash_lookup,lookup_control,low-load per-CPU lookup,bpftime,cycles,2,5000,1464990537.000,205108593.000,251.976388800
lf0064,percpu_hash_lookup,lookup_control,low-load per-CPU lookup,bpftime,cycles,3,5000,1466998115.000,204573144.000,252.484994200
lf0064,percpu_hash_lookup,lookup_control,low-load per-CPU lookup,bpftime,instructions,1,5000,4973630822.000,371475958.000,920.430972800
lf0064,percpu_hash_lookup,lookup_control,low-load per-CPU lookup,bpftime,instructions,2,5000,4973862724.000,371195638.000,920.533417200
lf0064,percpu_hash_lookup,lookup_control,low-load per-CPU lookup,bpftime,instructions,3,5000,4973426994.000,372136003.000,920.258198200
lf1000,hash_lookup,lookup_control,high-load ordinary lookup,kernel,cycles,1,5000,283225883.000,64652369.000,43.714702800
lf1000,hash_lookup,lookup_control,high-load ordinary lookup,kernel,cycles,2,5000,282707449.000,63996337.000,43.742222400
lf1000,hash_lookup,lookup_control,high-load ordinary lookup,kernel,cycles,3,5000,282327048.000,63940160.000,43.677377600
lf1000,hash_lookup,lookup_control,high-load ordinary lookup,kernel,instructions,1,5000,745893327.000,139515144.000,121.275636600
lf1000,hash_lookup,lookup_control,high-load ordinary lookup,kernel,instructions,2,5000,745905893.000,139505943.000,121.279990000
lf1000,hash_lookup,lookup_control,high-load ordinary lookup,kernel,instructions,3,5000,745915830.000,139503947.000,121.282376600
lf1000,hash_lookup,lookup_control,high-load ordinary lookup,bpftime,cycles,1,5000,685080292.000,219943013.000,93.027455800
lf1000,hash_lookup,lookup_control,high-load ordinary lookup,bpftime,cycles,2,5000,679434159.000,216055787.000,92.675674400
lf1000,hash_lookup,lookup_control,high-load ordinary lookup,bpftime,cycles,3,5000,696065036.000,215153195.000,96.182368200
lf1000,hash_lookup,lookup_control,high-load ordinary lookup,bpftime,instructions,1,5000,2225194450.000,390219872.000,366.994915600
lf1000,hash_lookup,lookup_control,high-load ordinary lookup,bpftime,instructions,2,5000,2225050439.000,390052340.000,366.999619800
lf1000,hash_lookup,lookup_control,high-load ordinary lookup,bpftime,instructions,3,5000,2226168190.000,390804401.000,367.072757800
lf1000,percpu_hash_lookup,lookup_control,high-load per-CPU lookup,kernel,cycles,1,5000,289614593.000,64616791.000,44.999560400
lf1000,percpu_hash_lookup,lookup_control,high-load per-CPU lookup,kernel,cycles,2,5000,289693013.000,64094765.000,45.119649600
lf1000,percpu_hash_lookup,lookup_control,high-load per-CPU lookup,kernel,cycles,3,5000,289677544.000,63984051.000,45.138698600
lf1000,percpu_hash_lookup,lookup_control,high-load per-CPU lookup,kernel,instructions,1,5000,771473936.000,139553404.000,126.384106400
lf1000,percpu_hash_lookup,lookup_control,high-load per-CPU lookup,kernel,instructions,2,5000,771479298.000,139531358.000,126.389588000
lf1000,percpu_hash_lookup,lookup_control,high-load per-CPU lookup,kernel,instructions,3,5000,771432760.000,139545320.000,126.377488000
lf1000,percpu_hash_lookup,lookup_control,high-load per-CPU lookup,bpftime,cycles,1,5000,1575026238.000,215074351.000,271.990377400
lf1000,percpu_hash_lookup,lookup_control,high-load per-CPU lookup,bpftime,cycles,2,5000,1576374368.000,214244406.000,272.425992400
lf1000,percpu_hash_lookup,lookup_control,high-load per-CPU lookup,bpftime,cycles,3,5000,1569107779.000,214180403.000,270.985475200
lf1000,percpu_hash_lookup,lookup_control,high-load per-CPU lookup,bpftime,instructions,1,5000,5037968509.000,386506493.000,930.292403200
lf1000,percpu_hash_lookup,lookup_control,high-load per-CPU lookup,bpftime,instructions,2,5000,5036770168.000,385129512.000,930.328131200
lf1000,percpu_hash_lookup,lookup_control,high-load per-CPU lookup,bpftime,instructions,3,5000,5037035933.000,385519672.000,930.303252200
lf0512,hash_lookup,lookup_control,4B-key 8B-value ordinary lookup baseline,kernel,cycles,1,5000,230886608.000,44756721.000,37.225977400
lf0512,hash_lookup,lookup_control,4B-key 8B-value ordinary lookup baseline,kernel,cycles,2,5000,231585436.000,44591104.000,37.398866400
lf0512,hash_lookup,lookup_control,4B-key 8B-value ordinary lookup baseline,kernel,cycles,3,5000,231795646.000,44412894.000,37.476550400
lf0512,hash_lookup,lookup_control,4B-key 8B-value ordinary lookup baseline,kernel,instructions,1,5000,725283994.000,123016671.000,120.453464600
lf0512,hash_lookup,lookup_control,4B-key 8B-value ordinary lookup baseline,kernel,instructions,2,5000,725341700.000,123026097.000,120.463120600
lf0512,hash_lookup,lookup_control,4B-key 8B-value ordinary lookup baseline,kernel,instructions,3,5000,725344249.000,123036677.000,120.461514400
lf0512,hash_lookup,lookup_control,4B-key 8B-value ordinary lookup baseline,bpftime,cycles,1,5000,586927487.000,213897174.000,74.606062600
lf0512,hash_lookup,lookup_control,4B-key 8B-value ordinary lookup baseline,bpftime,cycles,2,5000,585456353.000,210079344.000,75.075401800
lf0512,hash_lookup,lookup_control,4B-key 8B-value ordinary lookup baseline,bpftime,cycles,3,5000,581516120.000,209962899.000,74.310644200
lf0512,hash_lookup,lookup_control,4B-key 8B-value ordinary lookup baseline,bpftime,instructions,1,5000,1919085022.000,381423307.000,307.532343000
lf0512,hash_lookup,lookup_control,4B-key 8B-value ordinary lookup baseline,bpftime,instructions,2,5000,1918932506.000,380581395.000,307.670222200
lf0512,hash_lookup,lookup_control,4B-key 8B-value ordinary lookup baseline,bpftime,instructions,3,5000,1919175561.000,381039521.000,307.627208000
lf0512,hash_update,update_control,4B-key 8B-value ordinary update baseline,kernel,cycles,1,5000,803722047.000,41957778.000,152.352853800
lf0512,hash_update,update_control,4B-key 8B-value ordinary update baseline,kernel,cycles,2,5000,804162939.000,41971640.000,152.438259800
lf0512,hash_update,update_control,4B-key 8B-value ordinary update baseline,kernel,cycles,3,5000,802809364.000,42000661.000,152.161740600
lf0512,hash_update,update_control,4B-key 8B-value ordinary update baseline,kernel,instructions,1,5000,2068164338.000,123085159.000,389.015835800
lf0512,hash_update,update_control,4B-key 8B-value ordinary update baseline,kernel,instructions,2,5000,2068172957.000,123070537.000,389.020484000
lf0512,hash_update,update_control,4B-key 8B-value ordinary update baseline,kernel,instructions,3,5000,2068169444.000,123088031.000,389.016282600
lf0512,hash_update,update_control,4B-key 8B-value ordinary update baseline,bpftime,cycles,1,5000,559582107.000,204220236.000,71.072374200
lf0512,hash_update,update_control,4B-key 8B-value ordinary update baseline,bpftime,cycles,2,5000,558212375.000,202738565.000,71.094762000
lf0512,hash_update,update_control,4B-key 8B-value ordinary update baseline,bpftime,cycles,3,5000,558311023.000,202830468.000,71.096111000
lf0512,hash_update,update_control,4B-key 8B-value ordinary update baseline,bpftime,instructions,1,5000,1748728221.000,360936385.000,277.558367200
lf0512,hash_update,update_control,4B-key 8B-value ordinary update baseline,bpftime,instructions,2,5000,1748471169.000,360686225.000,277.556988800
lf0512,hash_update,update_control,4B-key 8B-value ordinary update baseline,bpftime,instructions,3,5000,1743740510.000,355329749.000,277.682152200
lf0512,percpu_hash_lookup,lookup_control,4B-key 8B-value per-CPU lookup baseline,kernel,cycles,1,5000,232309901.000,44658766.000,37.530227000
lf0512,percpu_hash_lookup,lookup_control,4B-key 8B-value per-CPU lookup baseline,kernel,cycles,2,5000,232654026.000,44401157.000,37.650573800
lf0512,percpu_hash_lookup,lookup_control,4B-key 8B-value per-CPU lookup baseline,kernel,cycles,3,5000,231939462.000,44287260.000,37.530440400
lf0512,percpu_hash_lookup,lookup_control,4B-key 8B-value per-CPU lookup baseline,kernel,instructions,1,5000,749476591.000,123043650.000,125.286588200
lf0512,percpu_hash_lookup,lookup_control,4B-key 8B-value per-CPU lookup baseline,kernel,instructions,2,5000,749499601.000,123023947.000,125.295130800
lf0512,percpu_hash_lookup,lookup_control,4B-key 8B-value per-CPU lookup baseline,kernel,instructions,3,5000,749460984.000,123028431.000,125.286510600
lf0512,percpu_hash_lookup,lookup_control,4B-key 8B-value per-CPU lookup baseline,bpftime,cycles,1,5000,1533438189.000,207472024.000,265.193233000
lf0512,percpu_hash_lookup,lookup_control,4B-key 8B-value per-CPU lookup baseline,bpftime,cycles,2,5000,1533170796.000,207029335.000,265.228292200
lf0512,percpu_hash_lookup,lookup_control,4B-key 8B-value per-CPU lookup baseline,bpftime,cycles,3,5000,1536305207.000,207328523.000,265.795336800
lf0512,percpu_hash_lookup,lookup_control,4B-key 8B-value per-CPU lookup baseline,bpftime,instructions,1,5000,5030711797.000,375281486.000,931.086062200
lf0512,percpu_hash_lookup,lookup_control,4B-key 8B-value per-CPU lookup baseline,bpftime,instructions,2,5000,5036322511.000,380056536.000,931.253195000
lf0512,percpu_hash_lookup,lookup_control,4B-key 8B-value per-CPU lookup baseline,bpftime,instructions,3,5000,5036205671.000,380335568.000,931.174020600
lf0512,percpu_hash_update,update_control,4B-key 8B-value per-CPU update baseline,kernel,cycles,1,5000,591464477.000,42044592.000,109.883977000
lf0512,percpu_hash_update,update_control,4B-key 8B-value per-CPU update baseline,kernel,cycles,2,5000,591137706.000,42021797.000,109.823181800
lf0512,percpu_hash_update,update_control,4B-key 8B-value per-CPU update baseline,kernel,cycles,3,5000,591508869.000,41989092.000,109.903955400
lf0512,percpu_hash_update,update_control,4B-key 8B-value per-CPU update baseline,kernel,instructions,1,5000,1484892354.000,123087060.000,272.361058800
lf0512,percpu_hash_update,update_control,4B-key 8B-value per-CPU update baseline,kernel,instructions,2,5000,1484913227.000,123106749.000,272.361295600
lf0512,percpu_hash_update,update_control,4B-key 8B-value per-CPU update baseline,kernel,instructions,3,5000,1484915802.000,123097561.000,272.363648200
lf0512,percpu_hash_update,update_control,4B-key 8B-value per-CPU update baseline,bpftime,cycles,1,5000,2173607203.000,204436513.000,393.834138000
lf0512,percpu_hash_update,update_control,4B-key 8B-value per-CPU update baseline,bpftime,cycles,2,5000,2164646991.000,204619216.000,392.005555000
lf0512,percpu_hash_update,update_control,4B-key 8B-value per-CPU update baseline,bpftime,cycles,3,5000,2162922581.000,203071239.000,391.970268400
lf0512,percpu_hash_update,update_control,4B-key 8B-value per-CPU update baseline,bpftime,instructions,1,5000,7436990142.000,360835492.000,1415.230930000
lf0512,percpu_hash_update,update_control,4B-key 8B-value per-CPU update baseline,bpftime,instructions,2,5000,7436797704.000,359388588.000,1415.481823200
lf0512,percpu_hash_update,update_control,4B-key 8B-value per-CPU update baseline,bpftime,instructions,3,5000,7437218042.000,359665820.000,1415.510444400
key0064,hash_lookup,lookup_control,64B-key ordinary lookup endpoint,kernel,cycles,1,5000,655101487.000,94173228.000,112.185651800
key0064,hash_lookup,lookup_control,64B-key ordinary lookup endpoint,kernel,cycles,2,5000,655523524.000,93710676.000,112.362569600
key0064,hash_lookup,lookup_control,64B-key ordinary lookup endpoint,kernel,cycles,3,5000,658632440.000,93775212.000,112.971445600
key0064,hash_lookup,lookup_control,64B-key ordinary lookup endpoint,kernel,instructions,1,5000,1663309861.000,235931960.000,285.475580200
key0064,hash_lookup,lookup_control,64B-key ordinary lookup endpoint,kernel,instructions,2,5000,1663326940.000,236207014.000,285.423985200
key0064,hash_lookup,lookup_control,64B-key ordinary lookup endpoint,kernel,instructions,3,5000,1663298077.000,235861093.000,285.487396800
key0064,hash_lookup,lookup_control,64B-key ordinary lookup endpoint,bpftime,cycles,1,5000,1727930913.000,352500139.000,275.086154800
key0064,hash_lookup,lookup_control,64B-key ordinary lookup endpoint,bpftime,cycles,2,5000,1736594083.000,348724215.000,277.573973600
key0064,hash_lookup,lookup_control,64B-key ordinary lookup endpoint,bpftime,cycles,3,5000,1739854786.000,350774061.000,277.816145000
key0064,hash_lookup,lookup_control,64B-key ordinary lookup endpoint,bpftime,instructions,1,5000,4160636513.000,692867894.000,693.553723800
key0064,hash_lookup,lookup_control,64B-key ordinary lookup endpoint,bpftime,instructions,2,5000,4160455977.000,693505673.000,693.390060800
key0064,hash_lookup,lookup_control,64B-key ordinary lookup endpoint,bpftime,instructions,3,5000,4160785590.000,692987881.000,693.559541800
key0064,hash_update,update_control,64B-key ordinary update endpoint,kernel,cycles,1,5000,1206548104.000,96106210.000,222.088378800
key0064,hash_update,update_control,64B-key ordinary update endpoint,kernel,cycles,2,5000,1206878567.000,96164989.000,222.142715600
key0064,hash_update,update_control,64B-key ordinary update endpoint,kernel,cycles,3,5000,1208529605.000,96366672.000,222.432586600
key0064,hash_update,update_control,64B-key ordinary update endpoint,kernel,instructions,1,5000,3015844781.000,235907095.000,555.987537200
key0064,hash_update,update_control,64B-key ordinary update endpoint,kernel,instructions,2,5000,3015855840.000,235916955.000,555.987777000
key0064,hash_update,update_control,64B-key ordinary update endpoint,kernel,instructions,3,5000,3015856222.000,235922820.000,555.986680400
key0064,hash_update,update_control,64B-key ordinary update endpoint,bpftime,cycles,1,5000,1740178686.000,356178188.000,276.800099600
key0064,hash_update,update_control,64B-key ordinary update endpoint,bpftime,cycles,2,5000,1734909773.000,354355175.000,276.110919600
key0064,hash_update,update_control,64B-key ordinary update endpoint,bpftime,cycles,3,5000,1740185537.000,354507852.000,277.135537000
key0064,hash_update,update_control,64B-key ordinary update endpoint,bpftime,instructions,1,5000,3990662881.000,697844028.000,658.563770600
key0064,hash_update,update_control,64B-key ordinary update endpoint,bpftime,instructions,2,5000,3990873055.000,698199906.000,658.534629800
key0064,hash_update,update_control,64B-key ordinary update endpoint,bpftime,instructions,3,5000,3989950048.000,697885170.000,658.412975600
key0064,percpu_hash_lookup,lookup_control,64B-key per-CPU lookup endpoint,kernel,cycles,1,5000,651097121.000,93773130.000,111.464798200
key0064,percpu_hash_lookup,lookup_control,64B-key per-CPU lookup endpoint,kernel,cycles,2,5000,652034565.000,93759626.000,111.654987800
key0064,percpu_hash_lookup,lookup_control,64B-key per-CPU lookup endpoint,kernel,cycles,3,5000,651177387.000,93829181.000,111.469641200
key0064,percpu_hash_lookup,lookup_control,64B-key per-CPU lookup endpoint,kernel,instructions,1,5000,1687782045.000,235866180.000,290.383173000
key0064,percpu_hash_lookup,lookup_control,64B-key per-CPU lookup endpoint,kernel,instructions,2,5000,1687801164.000,235906088.000,290.379015200
key0064,percpu_hash_lookup,lookup_control,64B-key per-CPU lookup endpoint,kernel,instructions,3,5000,1687816359.000,235897060.000,290.383859800
key0064,percpu_hash_lookup,lookup_control,64B-key per-CPU lookup endpoint,bpftime,cycles,1,5000,5237794100.000,350073104.000,977.544199200
key0064,percpu_hash_lookup,lookup_control,64B-key per-CPU lookup endpoint,bpftime,cycles,2,5000,5239110007.000,350408478.000,977.740305800
key0064,percpu_hash_lookup,lookup_control,64B-key per-CPU lookup endpoint,bpftime,cycles,3,5000,5237929650.000,353121393.000,976.961651400
key0064,percpu_hash_lookup,lookup_control,64B-key per-CPU lookup endpoint,bpftime,instructions,1,5000,16091313799.000,692388615.000,3079.785036800
key0064,percpu_hash_lookup,lookup_control,64B-key per-CPU lookup endpoint,bpftime,instructions,2,5000,16091848877.000,692160580.000,3079.937659400
key0064,percpu_hash_lookup,lookup_control,64B-key per-CPU lookup endpoint,bpftime,instructions,3,5000,16091032744.000,692663326.000,3079.673883600
key0064,percpu_hash_update,update_control,64B-key per-CPU update endpoint,kernel,cycles,1,5000,1004847622.000,96419271.000,181.685670200
key0064,percpu_hash_update,update_control,64B-key per-CPU update endpoint,kernel,cycles,2,5000,1006669131.000,96270970.000,182.079632200
key0064,percpu_hash_update,update_control,64B-key per-CPU update endpoint,kernel,cycles,3,5000,1004642299.000,96336455.000,181.661168800
key0064,percpu_hash_update,update_control,64B-key per-CPU update endpoint,kernel,instructions,1,5000,2423171122.000,235918222.000,437.450580000
key0064,percpu_hash_update,update_control,64B-key per-CPU update endpoint,kernel,instructions,2,5000,2423183568.000,235949753.000,437.446763000
key0064,percpu_hash_update,update_control,64B-key per-CPU update endpoint,kernel,instructions,3,5000,2423202833.000,235917515.000,437.457063600
key0064,percpu_hash_update,update_control,64B-key per-CPU update endpoint,bpftime,cycles,1,5000,5872937663.000,355857149.000,1103.416102800
key0064,percpu_hash_update,update_control,64B-key per-CPU update endpoint,bpftime,cycles,2,5000,5874177349.000,356309542.000,1103.573561400
key0064,percpu_hash_update,update_control,64B-key per-CPU update endpoint,bpftime,cycles,3,5000,5863683451.000,355133088.000,1101.710072600
key0064,percpu_hash_update,update_control,64B-key per-CPU update endpoint,bpftime,instructions,1,5000,18489525545.000,692965870.000,3559.311935000
key0064,percpu_hash_update,update_control,64B-key per-CPU update endpoint,bpftime,instructions,2,5000,18494401899.000,698460897.000,3559.188200400
key0064,percpu_hash_update,update_control,64B-key per-CPU update endpoint,bpftime,instructions,3,5000,18494691758.000,697542210.000,3559.429909600
val0256,hash_update,update_control,256B-value ordinary update endpoint,kernel,cycles,1,5000,1078343836.000,123407492.000,190.987268800
val0256,hash_update,update_control,256B-value ordinary update endpoint,kernel,cycles,2,5000,1079750021.000,122983754.000,191.353253400
val0256,hash_update,update_control,256B-value ordinary update endpoint,kernel,cycles,3,5000,1079005704.000,122934680.000,191.214204800
val0256,hash_update,update_control,256B-value ordinary update endpoint,kernel,instructions,1,5000,2425961013.000,286809045.000,427.830393600
val0256,hash_update,update_control,256B-value ordinary update endpoint,kernel,instructions,2,5000,2425932704.000,286767393.000,427.833062200
val0256,hash_update,update_control,256B-value ordinary update endpoint,kernel,instructions,3,5000,2425935399.000,286770663.000,427.832947200
val0256,hash_update,update_control,256B-value ordinary update endpoint,bpftime,cycles,1,5000,788275594.000,350918120.000,87.471494800
val0256,hash_update,update_control,256B-value ordinary update endpoint,bpftime,cycles,2,5000,793872068.000,379218931.000,82.930627400
val0256,hash_update,update_control,256B-value ordinary update endpoint,bpftime,cycles,3,5000,790715209.000,377786317.000,82.585778400
val0256,hash_update,update_control,256B-value ordinary update endpoint,bpftime,instructions,1,5000,2181972724.000,702781997.000,295.838145400
val0256,hash_update,update_control,256B-value ordinary update endpoint,bpftime,instructions,2,5000,2186363377.000,708598255.000,295.553024400
val0256,hash_update,update_control,256B-value ordinary update endpoint,bpftime,instructions,3,5000,2186088472.000,708218780.000,295.573938400
val0256,percpu_hash_update,update_control,256B-value per-CPU update endpoint,kernel,cycles,1,5000,829056880.000,122974126.000,141.216550800
val0256,percpu_hash_update,update_control,256B-value per-CPU update endpoint,kernel,cycles,2,5000,828703586.000,123053480.000,141.130021200
val0256,percpu_hash_update,update_control,256B-value per-CPU update endpoint,kernel,cycles,3,5000,829643787.000,123170032.000,141.294751000
val0256,percpu_hash_update,update_control,256B-value per-CPU update endpoint,kernel,instructions,1,5000,1844353930.000,286763081.000,311.518169800
val0256,percpu_hash_update,update_control,256B-value per-CPU update endpoint,kernel,instructions,2,5000,1844353049.000,286789425.000,311.512724800
val0256,percpu_hash_update,update_control,256B-value per-CPU update endpoint,kernel,instructions,3,5000,1844366549.000,286784826.000,311.516344600
val0256,percpu_hash_update,update_control,256B-value per-CPU update endpoint,bpftime,cycles,1,5000,9209880965.000,347525009.000,1772.471191200
val0256,percpu_hash_update,update_control,256B-value per-CPU update endpoint,bpftime,cycles,2,5000,9240733381.000,381871438.000,1771.772388600
val0256,percpu_hash_update,update_control,256B-value per-CPU update endpoint,bpftime,cycles,3,5000,9250169524.000,377335062.000,1774.566892400
val0256,percpu_hash_update,update_control,256B-value per-CPU update endpoint,bpftime,instructions,1,5000,30216868213.000,708128826.000,5901.747877400
val0256,percpu_hash_update,update_control,256B-value per-CPU update endpoint,bpftime,instructions,2,5000,30216259497.000,702455145.000,5902.760870400
val0256,percpu_hash_update,update_control,256B-value per-CPU update endpoint,bpftime,instructions,3,5000,30220479926.000,707293320.000,5902.637321200
