tag,family,active_keys,max_entries,key_size,value_size,environment,case,mean,median,sample_sd,min,max
lf1000,load,1000,1024,4,8,kernel,hash_lookup,26.210193920,26.223072000,0.063333398,26.129433600,26.278809600
lf1000,load,1000,1024,4,8,bpftime,hash_lookup,53.866598400,53.716844800,0.383102608,53.498790400,54.465900800
lf1000,load,1000,1024,4,8,kernel,hash_update,89.981422080,89.974521600,0.031756064,89.946137600,90.023264000
lf1000,load,1000,1024,4,8,bpftime,hash_update,52.529144320,52.350848000,0.359162138,52.243142400,53.133164800
lf1000,load,1000,1024,4,8,kernel,percpu_hash_lookup,26.056533760,26.036044800,0.047790666,26.007046400,26.110374400
lf1000,load,1000,1024,4,8,bpftime,percpu_hash_lookup,157.044844800,156.994963200,0.323545675,156.568774400,157.389843200
lf1000,load,1000,1024,4,8,kernel,percpu_hash_update,66.071691520,66.083219200,0.037903978,66.027046400,66.115673600
lf1000,load,1000,1024,4,8,bpftime,percpu_hash_update,232.612808960,231.121254400,3.798061933,230.565158400,239.386502400
lf0064,load,64,1024,4,8,kernel,hash_lookup,16.876295680,16.883372800,0.019624244,16.851244800,16.896384000
lf0064,load,64,1024,4,8,bpftime,hash_lookup,38.986060800,38.976070400,0.224038991,38.742195200,39.338060800
lf0064,load,64,1024,4,8,kernel,hash_update,84.107078400,84.112608000,0.016772498,84.084537600,84.124838400
lf0064,load,64,1024,4,8,bpftime,hash_update,37.395928320,37.447712000,0.104957660,37.256755200,37.499052800
lf0064,load,64,1024,4,8,kernel,percpu_hash_lookup,17.982784000,17.967206400,0.049243129,17.944428800,18.068723200
lf0064,load,64,1024,4,8,bpftime,percpu_hash_lookup,145.752906240,145.616377600,0.281047163,145.511219200,146.203974400
lf0064,load,64,1024,4,8,kernel,percpu_hash_update,62.344032000,62.346246400,0.014067649,62.322547200,62.361824000
lf0064,load,64,1024,4,8,bpftime,percpu_hash_update,220.679718400,218.894604800,3.927060549,218.612409600,227.690515200
lf0256,load,256,1024,4,8,kernel,hash_lookup,18.939765760,18.940512000,0.023679151,18.906195200,18.969670400
lf0256,load,256,1024,4,8,bpftime,hash_lookup,40.206689280,40.231308800,0.617087785,39.554643200,41.130361600
lf0256,load,256,1024,4,8,kernel,hash_update,85.520771840,85.530534400,0.024365091,85.486393600,85.547494400
lf0256,load,256,1024,4,8,bpftime,hash_update,37.914483200,37.802412800,0.251078258,37.732633600,38.349382400
lf0256,load,256,1024,4,8,kernel,percpu_hash_lookup,19.258753280,19.265452800,0.040584516,19.192345600,19.299251200
lf0256,load,256,1024,4,8,bpftime,percpu_hash_lookup,148.357725440,148.299129600,0.196316213,148.185068800,148.694150400
lf0256,load,256,1024,4,8,kernel,percpu_hash_update,62.452267520,62.453830400,0.014550840,62.432736000,62.466387200
lf0256,load,256,1024,4,8,bpftime,percpu_hash_update,221.186899200,221.062464000,0.434164665,220.760262400,221.784396800
lf0512,load,512,1024,4,8,kernel,hash_lookup,20.266112000,20.271923200,0.057976512,20.178387200,20.331468800
lf0512,load,512,1024,4,8,bpftime,hash_lookup,43.885020160,43.697331200,0.535665155,43.241977600,44.455123200
lf0512,load,512,1024,4,8,kernel,hash_update,86.796409600,86.741913600,0.120531088,86.665984000,86.939507200
lf0512,load,512,1024,4,8,bpftime,hash_update,41.868019200,42.035603200,0.284196326,41.442496000,42.088774400
lf0512,load,512,1024,4,8,kernel,percpu_hash_lookup,21.675084800,21.667078400,0.031378626,21.642726400,21.711788800
lf0512,load,512,1024,4,8,bpftime,percpu_hash_lookup,153.264049920,153.352793600,0.257653842,152.946739200,153.495616000
lf0512,load,512,1024,4,8,kernel,percpu_hash_update,62.756174080,62.769382400,0.041307360,62.694451200,62.797683200
lf0512,load,512,1024,4,8,bpftime,percpu_hash_update,227.266050560,227.433683200,0.505425121,226.580403200,227.890720000
key0016,key,512,1024,16,8,kernel,hash_lookup,28.416857600,28.420166400,0.085822374,28.326361600,28.550387200
key0016,key,512,1024,16,8,bpftime,hash_lookup,77.686440960,77.494240000,0.545144501,77.205024000,78.474240000
key0016,key,512,1024,16,8,kernel,hash_update,92.626699520,92.601843200,0.071442059,92.555264000,92.743968000
key0016,key,512,1024,16,8,bpftime,hash_update,75.819745280,75.652396800,0.649813688,75.032531200,76.589209600
key0016,key,512,1024,16,8,kernel,percpu_hash_lookup,28.580455680,28.582233600,0.047445292,28.508608000,28.628704000
key0016,key,512,1024,16,8,bpftime,percpu_hash_lookup,234.425408000,234.435884800,0.162414204,234.237625600,234.660710400
key0016,key,512,1024,16,8,kernel,percpu_hash_update,69.077347840,69.083091200,0.038394604,69.034585600,69.119033600
key0016,key,512,1024,16,8,bpftime,percpu_hash_update,310.310197760,310.404467200,0.343034839,309.948384000,310.680691200
key0064,key,512,1024,64,8,kernel,hash_lookup,65.674602240,65.727008000,0.116365472,65.488160000,65.769100800
key0064,key,512,1024,64,8,bpftime,hash_lookup,160.523706880,160.333958400,0.760572522,159.571123200,161.485152000
key0064,key,512,1024,64,8,kernel,hash_update,130.581551360,130.590835200,0.223600682,130.296358400,130.821792000
key0064,key,512,1024,64,8,bpftime,hash_update,159.599080960,159.522009600,0.539060954,159.042899200,160.421638400
key0064,key,512,1024,64,8,kernel,percpu_hash_lookup,64.962579200,64.957856000,0.043133019,64.903872000,65.007385600
key0064,key,512,1024,64,8,bpftime,percpu_hash_lookup,565.344198400,565.126713600,0.527057449,564.739648000,565.912492800
key0064,key,512,1024,64,8,kernel,percpu_hash_update,105.709839360,105.709740800,0.063540171,105.616582400,105.781190400
key0064,key,512,1024,64,8,bpftime,percpu_hash_update,638.336249600,638.524736000,0.601237839,637.305472000,638.883648000
val0064,value,512,1024,4,64,kernel,hash_lookup,21.132160000,21.107193600,0.098322063,21.027219200,21.279059200
val0064,value,512,1024,4,64,bpftime,hash_lookup,43.988298240,44.173324800,0.477149247,43.204697600,44.429324800
val0064,value,512,1024,4,64,kernel,hash_update,87.328805120,87.326771200,0.202251250,87.129081600,87.580736000
val0064,value,512,1024,4,64,bpftime,hash_update,39.675846400,39.686995200,0.255168042,39.389728000,40.026758400
val0064,value,512,1024,4,64,kernel,percpu_hash_lookup,21.834993920,21.849292800,0.053954834,21.753907200,21.882265600
val0064,value,512,1024,4,64,bpftime,percpu_hash_lookup,154.259683840,154.342681600,0.383022950,153.743398400,154.690828800
val0064,value,512,1024,4,64,kernel,percpu_hash_update,61.959921920,61.971904000,0.061588778,61.882297600,62.025248000
val0064,value,512,1024,4,64,bpftime,percpu_hash_update,403.295918080,403.257689600,0.720708153,402.381312000,404.036089600
val0256,value,512,1024,4,256,kernel,hash_lookup,21.984702720,21.974016000,0.034564590,21.948236800,22.039046400
val0256,value,512,1024,4,256,bpftime,hash_lookup,44.643349760,44.359846400,0.737332982,44.061651200,45.901798400
val0256,value,512,1024,4,256,kernel,hash_update,111.067215360,111.063264000,0.178894450,110.888070400,111.268320000
val0256,value,512,1024,4,256,bpftime,hash_update,49.111938560,50.156780800,1.728048239,46.830188800,50.513811200
val0256,value,512,1024,4,256,kernel,percpu_hash_lookup,21.314580480,21.298028800,0.031773702,21.286956800,21.349862400
val0256,value,512,1024,4,256,bpftime,percpu_hash_lookup,153.540244480,153.506636800,0.355472061,153.261747200,154.135660800
val0256,value,512,1024,4,256,kernel,percpu_hash_update,81.955422720,81.933024000,0.074908008,81.870252800,82.063392000
val0256,value,512,1024,4,256,bpftime,percpu_hash_update,1027.558951680,1028.177324800,2.409923150,1024.438592000,1029.763968000
