tag,family,active_keys,max_entries,key_size,value_size,environment,run,case,real_ns_per_invocation,control_ns_per_invocation,net_ns_per_helper
lf1000,load,1000,1024,4,8,kernel,1,hash_lookup,30951.084800000,4693.049600000,26.258035200
lf1000,load,1000,1024,4,8,kernel,1,hash_update,94695.782400000,4691.936000000,90.003846400
lf1000,load,1000,1024,4,8,kernel,1,percpu_hash_lookup,30797.888000000,4693.049600000,26.104838400
lf1000,load,1000,1024,4,8,kernel,1,percpu_hash_update,70775.155200000,4691.936000000,66.083219200
lf1000,load,1000,1024,4,8,kernel,2,hash_lookup,30971.033600000,4692.224000000,26.278809600
lf1000,load,1000,1024,4,8,kernel,2,hash_update,94672.160000000,4697.638400000,89.974521600
lf1000,load,1000,1024,4,8,kernel,2,percpu_hash_lookup,30802.598400000,4692.224000000,26.110374400
lf1000,load,1000,1024,4,8,kernel,2,percpu_hash_update,70792.422400000,4697.638400000,66.094784000
lf1000,load,1000,1024,4,8,kernel,3,hash_lookup,30915.411200000,4692.339200000,26.223072000
lf1000,load,1000,1024,4,8,kernel,3,hash_update,94632.556800000,4686.419200000,89.946137600
lf1000,load,1000,1024,4,8,kernel,3,percpu_hash_lookup,30699.385600000,4692.339200000,26.007046400
lf1000,load,1000,1024,4,8,kernel,3,percpu_hash_update,70724.153600000,4686.419200000,66.037734400
lf1000,load,1000,1024,4,8,kernel,4,hash_lookup,30805.779200000,4676.345600000,26.129433600
lf1000,load,1000,1024,4,8,kernel,4,hash_update,94634.412800000,4675.072000000,89.959340800
lf1000,load,1000,1024,4,8,kernel,4,percpu_hash_lookup,30700.710400000,4676.345600000,26.024364800
lf1000,load,1000,1024,4,8,kernel,4,percpu_hash_update,70702.118400000,4675.072000000,66.027046400
lf1000,load,1000,1024,4,8,kernel,5,hash_lookup,30838.752000000,4677.132800000,26.161619200
lf1000,load,1000,1024,4,8,kernel,5,hash_update,94707.129600000,4683.865600000,90.023264000
lf1000,load,1000,1024,4,8,kernel,5,percpu_hash_lookup,30713.177600000,4677.132800000,26.036044800
lf1000,load,1000,1024,4,8,kernel,5,percpu_hash_update,70799.539200000,4683.865600000,66.115673600
lf1000,load,1000,1024,4,8,bpftime,1,hash_lookup,54827.084800000,1184.192000000,53.642892800
lf1000,load,1000,1024,4,8,bpftime,1,hash_update,52729.452800000,378.604800000,52.350848000
lf1000,load,1000,1024,4,8,bpftime,1,percpu_hash_lookup,158154.892800000,1184.192000000,156.970700800
lf1000,load,1000,1024,4,8,bpftime,1,percpu_hash_update,239765.107200000,378.604800000,239.386502400
lf1000,load,1000,1024,4,8,bpftime,2,hash_lookup,54690.144000000,1191.353600000,53.498790400
lf1000,load,1000,1024,4,8,bpftime,2,hash_update,52726.182400000,384.800000000,52.341382400
lf1000,load,1000,1024,4,8,bpftime,2,percpu_hash_lookup,157760.128000000,1191.353600000,156.568774400
lf1000,load,1000,1024,4,8,bpftime,2,percpu_hash_update,231671.577600000,384.800000000,231.286777600
lf1000,load,1000,1024,4,8,bpftime,3,hash_lookup,54898.425600000,1181.580800000,53.716844800
lf1000,load,1000,1024,4,8,bpftime,3,hash_update,52622.668800000,379.526400000,52.243142400
lf1000,load,1000,1024,4,8,bpftime,3,percpu_hash_lookup,158571.424000000,1181.580800000,157.389843200
lf1000,load,1000,1024,4,8,bpftime,3,percpu_hash_update,231083.878400000,379.526400000,230.704352000
lf1000,load,1000,1024,4,8,bpftime,4,hash_lookup,55188.716800000,1180.153600000,54.008563200
lf1000,load,1000,1024,4,8,bpftime,4,hash_update,52952.947200000,375.763200000,52.577184000
lf1000,load,1000,1024,4,8,bpftime,4,percpu_hash_lookup,158175.116800000,1180.153600000,156.994963200
lf1000,load,1000,1024,4,8,bpftime,4,percpu_hash_update,230940.921600000,375.763200000,230.565158400
lf1000,load,1000,1024,4,8,bpftime,5,hash_lookup,55650.169600000,1184.268800000,54.465900800
lf1000,load,1000,1024,4,8,bpftime,5,hash_update,53524.057600000,390.892800000,53.133164800
lf1000,load,1000,1024,4,8,bpftime,5,percpu_hash_lookup,158484.211200000,1184.268800000,157.299942400
lf1000,load,1000,1024,4,8,bpftime,5,percpu_hash_update,231512.147200000,390.892800000,231.121254400
lf0064,load,64,1024,4,8,kernel,1,hash_lookup,19543.276800000,2683.155200000,16.860121600
lf0064,load,64,1024,4,8,kernel,1,hash_update,86490.905600000,2372.563200000,84.118342400
lf0064,load,64,1024,4,8,kernel,1,percpu_hash_lookup,20627.584000000,2683.155200000,17.944428800
lf0064,load,64,1024,4,8,kernel,1,percpu_hash_update,64734.387200000,2372.563200000,62.361824000
lf0064,load,64,1024,4,8,kernel,2,hash_lookup,19563.827200000,2673.472000000,16.890355200
lf0064,load,64,1024,4,8,kernel,2,hash_update,86470.617600000,2375.552000000,84.095065600
lf0064,load,64,1024,4,8,kernel,2,percpu_hash_lookup,20633.619200000,2673.472000000,17.960147200
lf0064,load,64,1024,4,8,kernel,2,percpu_hash_update,64722.252800000,2375.552000000,62.346700800
lf0064,load,64,1024,4,8,kernel,3,hash_lookup,19570.547200000,2674.163200000,16.896384000
lf0064,load,64,1024,4,8,kernel,3,hash_update,86466.112000000,2381.574400000,84.084537600
lf0064,load,64,1024,4,8,kernel,3,percpu_hash_lookup,20647.577600000,2674.163200000,17.973414400
lf0064,load,64,1024,4,8,kernel,3,percpu_hash_update,64704.121600000,2381.574400000,62.322547200
lf0064,load,64,1024,4,8,kernel,4,hash_lookup,19555.897600000,2672.524800000,16.883372800
lf0064,load,64,1024,4,8,kernel,4,hash_update,86496.998400000,2372.160000000,84.124838400
lf0064,load,64,1024,4,8,kernel,4,percpu_hash_lookup,20639.731200000,2672.524800000,17.967206400
lf0064,load,64,1024,4,8,kernel,4,percpu_hash_update,64715.001600000,2372.160000000,62.342841600
lf0064,load,64,1024,4,8,kernel,5,hash_lookup,19532.723200000,2681.478400000,16.851244800
lf0064,load,64,1024,4,8,kernel,5,hash_update,86493.356800000,2380.748800000,84.112608000
lf0064,load,64,1024,4,8,kernel,5,percpu_hash_lookup,20750.201600000,2681.478400000,18.068723200
lf0064,load,64,1024,4,8,kernel,5,percpu_hash_update,64726.995200000,2380.748800000,62.346246400
lf0064,load,64,1024,4,8,bpftime,1,hash_lookup,40197.369600000,1181.376000000,39.015993600
lf0064,load,64,1024,4,8,bpftime,1,hash_update,37690.720000000,377.676800000,37.313043200
lf0064,load,64,1024,4,8,bpftime,1,percpu_hash_lookup,147385.350400000,1181.376000000,146.203974400
lf0064,load,64,1024,4,8,bpftime,1,percpu_hash_update,219268.582400000,377.676800000,218.890905600
lf0064,load,64,1024,4,8,bpftime,2,hash_lookup,40519.744000000,1181.683200000,39.338060800
lf0064,load,64,1024,4,8,bpftime,2,hash_update,37878.400000000,379.347200000,37.499052800
lf0064,load,64,1024,4,8,bpftime,2,percpu_hash_lookup,146692.902400000,1181.683200000,145.511219200
lf0064,load,64,1024,4,8,bpftime,2,percpu_hash_update,218991.756800000,379.347200000,218.612409600
lf0064,load,64,1024,4,8,bpftime,3,hash_lookup,40036.448000000,1178.464000000,38.857984000
lf0064,load,64,1024,4,8,bpftime,3,hash_update,37840.134400000,377.056000000,37.463078400
lf0064,load,64,1024,4,8,bpftime,3,percpu_hash_lookup,146766.918400000,1178.464000000,145.588454400
lf0064,load,64,1024,4,8,bpftime,3,percpu_hash_update,219687.212800000,377.056000000,219.310156800
lf0064,load,64,1024,4,8,bpftime,4,hash_lookup,40158.304000000,1182.233600000,38.976070400
lf0064,load,64,1024,4,8,bpftime,4,hash_update,37634.144000000,377.388800000,37.256755200
lf0064,load,64,1024,4,8,bpftime,4,percpu_hash_lookup,147026.739200000,1182.233600000,145.844505600
lf0064,load,64,1024,4,8,bpftime,4,percpu_hash_update,219271.993600000,377.388800000,218.894604800
lf0064,load,64,1024,4,8,bpftime,5,hash_lookup,39922.252800000,1180.057600000,38.742195200
lf0064,load,64,1024,4,8,bpftime,5,hash_update,37832.416000000,384.704000000,37.447712000
lf0064,load,64,1024,4,8,bpftime,5,percpu_hash_lookup,146796.435200000,1180.057600000,145.616377600
lf0064,load,64,1024,4,8,bpftime,5,percpu_hash_update,228075.219200000,384.704000000,227.690515200
lf0256,load,256,1024,4,8,kernel,1,hash_lookup,21627.571200000,2675.936000000,18.951635200
lf0256,load,256,1024,4,8,kernel,1,hash_update,87880.716800000,2394.323200000,85.486393600
lf0256,load,256,1024,4,8,kernel,1,percpu_hash_lookup,21931.865600000,2675.936000000,19.255929600
lf0256,load,256,1024,4,8,kernel,1,percpu_hash_update,64860.710400000,2394.323200000,62.466387200
lf0256,load,256,1024,4,8,kernel,2,hash_lookup,21648.518400000,2678.848000000,18.969670400
lf0256,load,256,1024,4,8,kernel,2,hash_update,87933.798400000,2403.264000000,85.530534400
lf0256,load,256,1024,4,8,kernel,2,percpu_hash_lookup,21959.635200000,2678.848000000,19.280787200
lf0256,load,256,1024,4,8,kernel,2,percpu_hash_update,64836.000000000,2403.264000000,62.432736000
lf0256,load,256,1024,4,8,kernel,3,hash_lookup,21614.585600000,2674.073600000,18.940512000
lf0256,load,256,1024,4,8,kernel,3,hash_update,87902.451200000,2396.537600000,85.505913600
lf0256,load,256,1024,4,8,kernel,3,percpu_hash_lookup,21939.526400000,2674.073600000,19.265452800
lf0256,load,256,1024,4,8,kernel,3,percpu_hash_update,64862.048000000,2396.537600000,62.465510400
lf0256,load,256,1024,4,8,kernel,4,hash_lookup,21579.526400000,2673.331200000,18.906195200
lf0256,load,256,1024,4,8,kernel,4,hash_update,87925.062400000,2391.539200000,85.533523200
lf0256,load,256,1024,4,8,kernel,4,percpu_hash_lookup,21865.676800000,2673.331200000,19.192345600
lf0256,load,256,1024,4,8,kernel,4,percpu_hash_update,64845.369600000,2391.539200000,62.453830400
lf0256,load,256,1024,4,8,kernel,5,hash_lookup,21607.347200000,2676.531200000,18.930816000
lf0256,load,256,1024,4,8,kernel,5,hash_update,87941.356800000,2393.862400000,85.547494400
lf0256,load,256,1024,4,8,kernel,5,percpu_hash_lookup,21975.782400000,2676.531200000,19.299251200
lf0256,load,256,1024,4,8,kernel,5,percpu_hash_update,64836.736000000,2393.862400000,62.442873600
lf0256,load,256,1024,4,8,bpftime,1,hash_lookup,40739.168000000,1184.524800000,39.554643200
lf0256,load,256,1024,4,8,bpftime,1,hash_update,38163.526400000,380.595200000,37.782931200
lf0256,load,256,1024,4,8,bpftime,1,percpu_hash_lookup,149878.675200000,1184.524800000,148.694150400
lf0256,load,256,1024,4,8,bpftime,1,percpu_hash_update,222164.992000000,380.595200000,221.784396800
lf0256,load,256,1024,4,8,bpftime,2,hash_lookup,42312.595200000,1182.233600000,41.130361600
lf0256,load,256,1024,4,8,bpftime,2,hash_update,38728.518400000,379.136000000,38.349382400
lf0256,load,256,1024,4,8,bpftime,2,percpu_hash_lookup,149520.569600000,1182.233600000,148.338336000
lf0256,load,256,1024,4,8,bpftime,2,percpu_hash_update,221857.792000000,379.136000000,221.478656000
lf0256,load,256,1024,4,8,bpftime,3,hash_lookup,41415.488000000,1184.179200000,40.231308800
lf0256,load,256,1024,4,8,bpftime,3,hash_update,38284.940800000,379.884800000,37.905056000
lf0256,load,256,1024,4,8,bpftime,3,percpu_hash_lookup,149456.121600000,1184.179200000,148.271942400
lf0256,load,256,1024,4,8,bpftime,3,percpu_hash_update,221442.348800000,379.884800000,221.062464000
lf0256,load,256,1024,4,8,bpftime,4,hash_lookup,41557.228800000,1182.144000000,40.375084800
lf0256,load,256,1024,4,8,bpftime,4,hash_update,38181.561600000,379.148800000,37.802412800
lf0256,load,256,1024,4,8,bpftime,4,percpu_hash_lookup,149367.212800000,1182.144000000,148.185068800
lf0256,load,256,1024,4,8,bpftime,4,percpu_hash_update,221227.865600000,379.148800000,220.848716800
lf0256,load,256,1024,4,8,bpftime,5,hash_lookup,40924.556800000,1182.508800000,39.742048000
lf0256,load,256,1024,4,8,bpftime,5,hash_update,38112.275200000,379.641600000,37.732633600
lf0256,load,256,1024,4,8,bpftime,5,percpu_hash_lookup,149481.638400000,1182.508800000,148.299129600
lf0256,load,256,1024,4,8,bpftime,5,percpu_hash_update,221139.904000000,379.641600000,220.760262400
lf0512,load,512,1024,4,8,kernel,1,hash_lookup,22927.993600000,2679.168000000,20.248825600
lf0512,load,512,1024,4,8,kernel,1,hash_update,89116.313600000,2374.400000000,86.741913600
lf0512,load,512,1024,4,8,kernel,1,percpu_hash_lookup,24346.246400000,2679.168000000,21.667078400
lf0512,load,512,1024,4,8,kernel,1,percpu_hash_update,65157.459200000,2374.400000000,62.783059200
lf0512,load,512,1024,4,8,kernel,2,hash_lookup,22944.979200000,2673.056000000,20.271923200
lf0512,load,512,1024,4,8,kernel,2,hash_update,89103.520000000,2377.792000000,86.725728000
lf0512,load,512,1024,4,8,kernel,2,percpu_hash_lookup,24384.844800000,2673.056000000,21.711788800
lf0512,load,512,1024,4,8,kernel,2,percpu_hash_update,65175.475200000,2377.792000000,62.797683200
lf0512,load,512,1024,4,8,kernel,3,hash_lookup,23003.104000000,2671.635200000,20.331468800
lf0512,load,512,1024,4,8,kernel,3,hash_update,89316.582400000,2377.075200000,86.939507200
lf0512,load,512,1024,4,8,kernel,3,percpu_hash_lookup,24375.692800000,2671.635200000,21.704057600
lf0512,load,512,1024,4,8,kernel,3,percpu_hash_update,65113.369600000,2377.075200000,62.736294400
lf0512,load,512,1024,4,8,kernel,4,hash_lookup,22917.388800000,2739.001600000,20.178387200
lf0512,load,512,1024,4,8,kernel,4,hash_update,89116.460800000,2450.476800000,86.665984000
lf0512,load,512,1024,4,8,kernel,4,percpu_hash_lookup,24388.774400000,2739.001600000,21.649772800
lf0512,load,512,1024,4,8,kernel,4,percpu_hash_update,65144.928000000,2450.476800000,62.694451200
lf0512,load,512,1024,4,8,kernel,5,hash_lookup,22975.590400000,2675.635200000,20.299955200
lf0512,load,512,1024,4,8,kernel,5,hash_update,89285.472000000,2376.556800000,86.908915200
lf0512,load,512,1024,4,8,kernel,5,percpu_hash_lookup,24318.361600000,2675.635200000,21.642726400
lf0512,load,512,1024,4,8,kernel,5,percpu_hash_update,65145.939200000,2376.556800000,62.769382400
lf0512,load,512,1024,4,8,bpftime,1,hash_lookup,44784.736000000,1181.734400000,43.603001600
lf0512,load,512,1024,4,8,bpftime,1,hash_update,42467.648000000,378.873600000,42.088774400
lf0512,load,512,1024,4,8,bpftime,1,percpu_hash_lookup,154671.609600000,1181.734400000,153.489875200
lf0512,load,512,1024,4,8,bpftime,1,percpu_hash_update,228269.593600000,378.873600000,227.890720000
lf0512,load,512,1024,4,8,bpftime,2,hash_lookup,45644.902400000,1189.779200000,44.455123200
lf0512,load,512,1024,4,8,bpftime,2,hash_update,42094.835200000,387.795200000,41.707040000
lf0512,load,512,1024,4,8,bpftime,2,percpu_hash_lookup,154225.004800000,1189.779200000,153.035225600
lf0512,load,512,1024,4,8,bpftime,2,percpu_hash_update,227347.827200000,387.795200000,226.960032000
lf0512,load,512,1024,4,8,bpftime,3,hash_lookup,44879.328000000,1181.996800000,43.697331200
lf0512,load,512,1024,4,8,bpftime,3,hash_update,42414.854400000,379.251200000,42.035603200
lf0512,load,512,1024,4,8,bpftime,3,percpu_hash_lookup,154677.612800000,1181.996800000,153.495616000
lf0512,load,512,1024,4,8,bpftime,3,percpu_hash_update,227812.934400000,379.251200000,227.433683200
lf0512,load,512,1024,4,8,bpftime,4,hash_lookup,45627.110400000,1199.443200000,44.427667200
lf0512,load,512,1024,4,8,bpftime,4,hash_update,42462.124800000,395.942400000,42.066182400
lf0512,load,512,1024,4,8,bpftime,4,percpu_hash_lookup,154552.236800000,1199.443200000,153.352793600
lf0512,load,512,1024,4,8,bpftime,4,percpu_hash_update,227861.356800000,395.942400000,227.465414400
lf0512,load,512,1024,4,8,bpftime,5,hash_lookup,44425.004800000,1183.027200000,43.241977600
lf0512,load,512,1024,4,8,bpftime,5,hash_update,41821.561600000,379.065600000,41.442496000
lf0512,load,512,1024,4,8,bpftime,5,percpu_hash_lookup,154129.766400000,1183.027200000,152.946739200
lf0512,load,512,1024,4,8,bpftime,5,percpu_hash_update,226959.468800000,379.065600000,226.580403200
key0016,key,512,1024,16,8,kernel,1,hash_lookup,31156.646400000,2830.284800000,28.326361600
key0016,key,512,1024,16,8,kernel,1,hash_update,95382.112000000,2784.915200000,92.597196800
key0016,key,512,1024,16,8,kernel,1,percpu_hash_lookup,31446.880000000,2830.284800000,28.616595200
key0016,key,512,1024,16,8,kernel,1,percpu_hash_update,71819.500800000,2784.915200000,69.034585600
key0016,key,512,1024,16,8,kernel,2,hash_lookup,31251.347200000,2831.180800000,28.420166400
key0016,key,512,1024,16,8,kernel,2,hash_update,95441.120000000,2805.894400000,92.635225600
key0016,key,512,1024,16,8,kernel,2,percpu_hash_lookup,31339.788800000,2831.180800000,28.508608000
key0016,key,512,1024,16,8,kernel,2,percpu_hash_update,71847.097600000,2805.894400000,69.041203200
key0016,key,512,1024,16,8,kernel,3,hash_lookup,31255.628800000,2827.609600000,28.428019200
key0016,key,512,1024,16,8,kernel,3,hash_update,95397.280000000,2795.436800000,92.601843200
key0016,key,512,1024,16,8,kernel,3,percpu_hash_lookup,31456.313600000,2827.609600000,28.628704000
key0016,key,512,1024,16,8,kernel,3,percpu_hash_update,71878.528000000,2795.436800000,69.083091200
key0016,key,512,1024,16,8,kernel,4,hash_lookup,31379.385600000,2828.998400000,28.550387200
key0016,key,512,1024,16,8,kernel,4,hash_update,95536.985600000,2793.017600000,92.743968000
key0016,key,512,1024,16,8,kernel,4,percpu_hash_lookup,31395.136000000,2828.998400000,28.566137600
key0016,key,512,1024,16,8,kernel,4,percpu_hash_update,71901.843200000,2793.017600000,69.108825600
key0016,key,512,1024,16,8,kernel,5,hash_lookup,31186.649600000,2827.296000000,28.359353600
key0016,key,512,1024,16,8,kernel,5,hash_update,95364.032000000,2808.768000000,92.555264000
key0016,key,512,1024,16,8,kernel,5,percpu_hash_lookup,31409.529600000,2827.296000000,28.582233600
key0016,key,512,1024,16,8,kernel,5,percpu_hash_update,71927.801600000,2808.768000000,69.119033600
key0016,key,512,1024,16,8,bpftime,1,hash_lookup,79741.804800000,1267.564800000,78.474240000
key0016,key,512,1024,16,8,bpftime,1,hash_update,78706.713600000,2117.504000000,76.589209600
key0016,key,512,1024,16,8,bpftime,1,percpu_hash_lookup,235928.275200000,1267.564800000,234.660710400
key0016,key,512,1024,16,8,bpftime,1,percpu_hash_update,312069.363200000,2117.504000000,309.951859200
key0016,key,512,1024,16,8,bpftime,2,hash_lookup,78515.974400000,1269.299200000,77.246675200
key0016,key,512,1024,16,8,bpftime,2,hash_update,76591.532800000,1559.001600000,75.032531200
key0016,key,512,1024,16,8,bpftime,2,percpu_hash_lookup,235746.617600000,1269.299200000,234.477318400
key0016,key,512,1024,16,8,bpftime,2,percpu_hash_update,311963.468800000,1559.001600000,310.404467200
key0016,key,512,1024,16,8,bpftime,3,hash_lookup,78765.203200000,1270.963200000,77.494240000
key0016,key,512,1024,16,8,bpftime,3,hash_update,77219.020800000,1566.624000000,75.652396800
key0016,key,512,1024,16,8,bpftime,3,percpu_hash_lookup,235508.588800000,1270.963200000,234.237625600
key0016,key,512,1024,16,8,bpftime,3,percpu_hash_update,312132.211200000,1566.624000000,310.565587200
key0016,key,512,1024,16,8,bpftime,4,hash_lookup,79278.905600000,1266.880000000,78.012025600
key0016,key,512,1024,16,8,bpftime,4,hash_update,77934.252800000,1557.139200000,76.377113600
key0016,key,512,1024,16,8,bpftime,4,percpu_hash_lookup,235582.380800000,1266.880000000,234.315500800
key0016,key,512,1024,16,8,bpftime,4,percpu_hash_update,311505.523200000,1557.139200000,309.948384000
key0016,key,512,1024,16,8,bpftime,5,hash_lookup,78476.800000000,1271.776000000,77.205024000
key0016,key,512,1024,16,8,bpftime,5,hash_update,77005.836800000,1558.361600000,75.447475200
key0016,key,512,1024,16,8,bpftime,5,percpu_hash_lookup,235707.660800000,1271.776000000,234.435884800
key0016,key,512,1024,16,8,bpftime,5,percpu_hash_update,312239.052800000,1558.361600000,310.680691200
key0064,key,512,1024,64,8,kernel,1,hash_lookup,72220.172800000,6451.072000000,65.769100800
key0064,key,512,1024,64,8,kernel,1,hash_update,137045.523200000,6749.164800000,130.296358400
key0064,key,512,1024,64,8,kernel,1,percpu_hash_lookup,71393.030400000,6451.072000000,64.941958400
key0064,key,512,1024,64,8,kernel,1,percpu_hash_update,112458.905600000,6749.164800000,105.709740800
key0064,key,512,1024,64,8,kernel,2,hash_lookup,72089.625600000,6454.182400000,65.635443200
key0064,key,512,1024,64,8,kernel,2,hash_update,137342.828800000,6751.993600000,130.590835200
key0064,key,512,1024,64,8,kernel,2,percpu_hash_lookup,71461.568000000,6454.182400000,65.007385600
key0064,key,512,1024,64,8,kernel,2,percpu_hash_update,112533.184000000,6751.993600000,105.781190400
key0064,key,512,1024,64,8,kernel,3,hash_lookup,71936.819200000,6448.659200000,65.488160000
key0064,key,512,1024,64,8,kernel,3,hash_update,137171.859200000,6745.990400000,130.425868800
key0064,key,512,1024,64,8,kernel,3,percpu_hash_lookup,71406.515200000,6448.659200000,64.957856000
key0064,key,512,1024,64,8,kernel,3,percpu_hash_update,112434.278400000,6745.990400000,105.688288000
key0064,key,512,1024,64,8,kernel,4,hash_lookup,72199.129600000,6445.830400000,65.753299200
key0064,key,512,1024,64,8,kernel,4,hash_update,137572.166400000,6750.374400000,130.821792000
key0064,key,512,1024,64,8,kernel,4,percpu_hash_lookup,71447.654400000,6445.830400000,65.001824000
key0064,key,512,1024,64,8,kernel,4,percpu_hash_update,112503.769600000,6750.374400000,105.753395200
key0064,key,512,1024,64,8,kernel,5,hash_lookup,72175.692800000,6448.684800000,65.727008000
key0064,key,512,1024,64,8,kernel,5,hash_update,137516.908800000,6744.006400000,130.772902400
key0064,key,512,1024,64,8,kernel,5,percpu_hash_lookup,71352.556800000,6448.684800000,64.903872000
key0064,key,512,1024,64,8,kernel,5,percpu_hash_update,112360.588800000,6744.006400000,105.616582400
key0064,key,512,1024,64,8,bpftime,1,hash_lookup,164001.056000000,3850.438400000,160.150617600
key0064,key,512,1024,64,8,bpftime,1,hash_update,163958.374400000,4730.124800000,159.228249600
key0064,key,512,1024,64,8,bpftime,1,percpu_hash_lookup,568590.086400000,3850.438400000,564.739648000
key0064,key,512,1024,64,8,bpftime,1,percpu_hash_update,643164.870400000,4730.124800000,638.434745600
key0064,key,512,1024,64,8,bpftime,2,hash_lookup,165335.481600000,3850.329600000,161.485152000
key0064,key,512,1024,64,8,bpftime,2,hash_update,163800.460800000,4757.561600000,159.042899200
key0064,key,512,1024,64,8,bpftime,2,percpu_hash_lookup,568907.136000000,3850.329600000,565.056806400
key0064,key,512,1024,64,8,bpftime,2,percpu_hash_update,643282.297600000,4757.561600000,638.524736000
key0064,key,512,1024,64,8,bpftime,3,hash_lookup,163725.388800000,4154.265600000,159.571123200
key0064,key,512,1024,64,8,bpftime,3,hash_update,164802.105600000,5021.497600000,159.780608000
key0064,key,512,1024,64,8,bpftime,3,percpu_hash_lookup,569280.979200000,4154.265600000,565.126713600
key0064,key,512,1024,64,8,bpftime,3,percpu_hash_update,642326.969600000,5021.497600000,637.305472000
key0064,key,512,1024,64,8,bpftime,4,hash_lookup,164178.515200000,3844.556800000,160.333958400
key0064,key,512,1024,64,8,bpftime,4,hash_update,164854.700800000,4433.062400000,160.421638400
key0064,key,512,1024,64,8,bpftime,4,percpu_hash_lookup,569729.888000000,3844.556800000,565.885331200
key0064,key,512,1024,64,8,bpftime,4,percpu_hash_update,643316.710400000,4433.062400000,638.883648000
key0064,key,512,1024,64,8,bpftime,5,hash_lookup,164932.076800000,3854.393600000,161.077683200
key0064,key,512,1024,64,8,bpftime,5,hash_update,164142.739200000,4620.729600000,159.522009600
key0064,key,512,1024,64,8,bpftime,5,percpu_hash_lookup,569766.886400000,3854.393600000,565.912492800
key0064,key,512,1024,64,8,bpftime,5,percpu_hash_update,643153.376000000,4620.729600000,638.532646400
val0064,value,512,1024,4,64,kernel,1,hash_lookup,23752.851200000,2680.710400000,21.072140800
val0064,value,512,1024,4,64,kernel,1,hash_update,92912.192000000,5585.420800000,87.326771200
val0064,value,512,1024,4,64,kernel,1,percpu_hash_lookup,24560.390400000,2680.710400000,21.879680000
val0064,value,512,1024,4,64,kernel,1,percpu_hash_update,67610.668800000,5585.420800000,62.025248000
val0064,value,512,1024,4,64,kernel,2,hash_lookup,23711.590400000,2684.371200000,21.027219200
val0064,value,512,1024,4,64,kernel,2,hash_update,92717.081600000,5588.000000000,87.129081600
val0064,value,512,1024,4,64,kernel,2,percpu_hash_lookup,24438.278400000,2684.371200000,21.753907200
val0064,value,512,1024,4,64,kernel,2,percpu_hash_update,67470.297600000,5588.000000000,61.882297600
val0064,value,512,1024,4,64,kernel,3,hash_lookup,23860.275200000,2685.088000000,21.175187200
val0064,value,512,1024,4,64,kernel,3,hash_update,93163.456000000,5582.720000000,87.580736000
val0064,value,512,1024,4,64,kernel,3,percpu_hash_lookup,24494.912000000,2685.088000000,21.809824000
val0064,value,512,1024,4,64,kernel,3,percpu_hash_update,67554.624000000,5582.720000000,61.971904000
val0064,value,512,1024,4,64,kernel,4,hash_lookup,23782.604800000,2675.411200000,21.107193600
val0064,value,512,1024,4,64,kernel,4,hash_update,92719.155200000,5587.193600000,87.131961600
val0064,value,512,1024,4,64,kernel,4,percpu_hash_lookup,24524.704000000,2675.411200000,21.849292800
val0064,value,512,1024,4,64,kernel,4,percpu_hash_update,67498.611200000,5587.193600000,61.911417600
val0064,value,512,1024,4,64,kernel,5,hash_lookup,23963.686400000,2684.627200000,21.279059200
val0064,value,512,1024,4,64,kernel,5,hash_update,93074.752000000,5599.276800000,87.475475200
val0064,value,512,1024,4,64,kernel,5,percpu_hash_lookup,24566.892800000,2684.627200000,21.882265600
val0064,value,512,1024,4,64,kernel,5,percpu_hash_update,67608.019200000,5599.276800000,62.008742400
val0064,value,512,1024,4,64,bpftime,1,hash_lookup,45628.934400000,1199.609600000,44.429324800
val0064,value,512,1024,4,64,bpftime,1,hash_update,44250.892800000,4451.104000000,39.799788800
val0064,value,512,1024,4,64,bpftime,1,percpu_hash_lookup,154943.008000000,1199.609600000,153.743398400
val0064,value,512,1024,4,64,bpftime,1,percpu_hash_update,408487.193600000,4451.104000000,404.036089600
val0064,value,512,1024,4,64,bpftime,2,hash_lookup,45082.009600000,1181.529600000,43.900480000
val0064,value,512,1024,4,64,bpftime,2,hash_update,43910.720000000,4434.758400000,39.475961600
val0064,value,512,1024,4,64,bpftime,2,percpu_hash_lookup,155524.211200000,1181.529600000,154.342681600
val0064,value,512,1024,4,64,bpftime,2,percpu_hash_update,406816.070400000,4434.758400000,402.381312000
val0064,value,512,1024,4,64,bpftime,3,hash_lookup,45354.348800000,1181.024000000,44.173324800
val0064,value,512,1024,4,64,bpftime,3,hash_update,43609.312000000,4219.584000000,39.389728000
val0064,value,512,1024,4,64,bpftime,3,percpu_hash_lookup,155871.852800000,1181.024000000,154.690828800
val0064,value,512,1024,4,64,bpftime,3,percpu_hash_update,407043.366400000,4219.584000000,402.823782400
val0064,value,512,1024,4,64,bpftime,4,hash_lookup,44385.056000000,1180.358400000,43.204697600
val0064,value,512,1024,4,64,bpftime,4,hash_update,44124.832000000,4098.073600000,40.026758400
val0064,value,512,1024,4,64,bpftime,4,percpu_hash_lookup,155188.627200000,1180.358400000,154.008268800
val0064,value,512,1024,4,64,bpftime,4,percpu_hash_update,408078.790400000,4098.073600000,403.980716800
val0064,value,512,1024,4,64,bpftime,5,hash_lookup,45419.046400000,1185.382400000,44.233664000
val0064,value,512,1024,4,64,bpftime,5,hash_update,44124.256000000,4437.260800000,39.686995200
val0064,value,512,1024,4,64,bpftime,5,percpu_hash_lookup,155698.624000000,1185.382400000,154.513241600
val0064,value,512,1024,4,64,bpftime,5,percpu_hash_update,407694.950400000,4437.260800000,403.257689600
val0256,value,512,1024,4,256,kernel,1,hash_lookup,24761.318400000,2722.272000000,22.039046400
val0256,value,512,1024,4,256,kernel,1,hash_update,121974.393600000,11086.323200000,110.888070400
val0256,value,512,1024,4,256,kernel,1,percpu_hash_lookup,24070.598400000,2722.272000000,21.348326400
val0256,value,512,1024,4,256,kernel,1,percpu_hash_update,93002.611200000,11086.323200000,81.916288000
val0256,value,512,1024,4,256,kernel,2,hash_lookup,24722.649600000,2728.204800000,21.994444800
val0256,value,512,1024,4,256,kernel,2,hash_update,122143.916800000,11080.652800000,111.063264000
val0256,value,512,1024,4,256,kernel,2,percpu_hash_lookup,24026.233600000,2728.204800000,21.298028800
val0256,value,512,1024,4,256,kernel,2,percpu_hash_update,93144.044800000,11080.652800000,82.063392000
val0256,value,512,1024,4,256,kernel,3,hash_lookup,24708.000000000,2740.230400000,21.967769600
val0256,value,512,1024,4,256,kernel,3,hash_update,121987.552000000,11095.622400000,110.891929600
val0256,value,512,1024,4,256,kernel,3,percpu_hash_lookup,24029.958400000,2740.230400000,21.289728000
val0256,value,512,1024,4,256,kernel,3,percpu_hash_update,92965.875200000,11095.622400000,81.870252800
val0256,value,512,1024,4,256,kernel,4,hash_lookup,24678.873600000,2730.636800000,21.948236800
val0256,value,512,1024,4,256,kernel,4,hash_update,122346.086400000,11077.766400000,111.268320000
val0256,value,512,1024,4,256,kernel,4,percpu_hash_lookup,24017.593600000,2730.636800000,21.286956800
val0256,value,512,1024,4,256,kernel,4,percpu_hash_update,93010.790400000,11077.766400000,81.933024000
val0256,value,512,1024,4,256,kernel,5,hash_lookup,24696.928000000,2722.912000000,21.974016000
val0256,value,512,1024,4,256,kernel,5,hash_update,122303.859200000,11079.366400000,111.224492800
val0256,value,512,1024,4,256,kernel,5,percpu_hash_lookup,24072.774400000,2722.912000000,21.349862400
val0256,value,512,1024,4,256,kernel,5,percpu_hash_update,93073.523200000,11079.366400000,81.994156800
val0256,value,512,1024,4,256,bpftime,1,hash_lookup,45242.137600000,1180.486400000,44.061651200
val0256,value,512,1024,4,256,bpftime,1,hash_update,56270.752000000,5887.104000000,50.383648000
val0256,value,512,1024,4,256,bpftime,1,percpu_hash_lookup,154705.760000000,1180.486400000,153.525273600
val0256,value,512,1024,4,256,bpftime,1,percpu_hash_update,1035651.072000000,5887.104000000,1029.763968000
val0256,value,512,1024,4,256,bpftime,2,hash_lookup,45847.820800000,1183.289600000,44.664531200
val0256,value,512,1024,4,256,bpftime,2,hash_update,56459.225600000,9629.036800000,46.830188800
val0256,value,512,1024,4,256,bpftime,2,percpu_hash_lookup,154445.036800000,1183.289600000,153.261747200
val0256,value,512,1024,4,256,bpftime,2,percpu_hash_update,1035310.924800000,9629.036800000,1025.681888000
val0256,value,512,1024,4,256,bpftime,3,hash_lookup,47083.539200000,1181.740800000,45.901798400
val0256,value,512,1024,4,256,bpftime,3,hash_update,57351.532800000,9676.268800000,47.675264000
val0256,value,512,1024,4,256,bpftime,3,percpu_hash_lookup,154453.644800000,1181.740800000,153.271904000
val0256,value,512,1024,4,256,bpftime,3,percpu_hash_update,1034114.860800000,9676.268800000,1024.438592000
val0256,value,512,1024,4,256,bpftime,4,hash_lookup,45539.129600000,1179.283200000,44.359846400
val0256,value,512,1024,4,256,bpftime,4,hash_update,56402.848000000,5889.036800000,50.513811200
val0256,value,512,1024,4,256,bpftime,4,percpu_hash_lookup,154685.920000000,1179.283200000,153.506636800
val0256,value,512,1024,4,256,bpftime,4,percpu_hash_update,1034066.361600000,5889.036800000,1028.177324800
val0256,value,512,1024,4,256,bpftime,5,hash_lookup,45410.342400000,1181.420800000,44.228921600
val0256,value,512,1024,4,256,bpftime,5,hash_update,56044.428800000,5887.648000000,50.156780800
val0256,value,512,1024,4,256,bpftime,5,percpu_hash_lookup,155317.081600000,1181.420800000,154.135660800
val0256,value,512,1024,4,256,bpftime,5,percpu_hash_update,1035620.633600000,5887.648000000,1029.732985600
