map,operation,layer,wall_ns,net_vs_control_wall_ns,increment_vs_previous_wall_ns,task-clock,net_vs_control_task-clock,increment_vs_previous_task-clock,cycles,net_vs_control_cycles,increment_vs_previous_cycles,instructions,net_vs_control_instructions,increment_vs_previous_instructions,branches,net_vs_control_branches,increment_vs_previous_branches,branch-misses,net_vs_control_branch-misses,increment_vs_previous_branch-misses,cache-references,net_vs_control_cache-references,increment_vs_previous_cache-references,cache-misses,net_vs_control_cache-misses,increment_vs_previous_cache-misses
array,lookup,control,2.315328666666667,0.0,0.0,2.4358139534883723,0.0,0.0,5.312669448504983,0.0,0.0,12.36241076744186,0.0,0.0,3.06506865448505,0.0,0.0,0.0015114086378737541,0.0,0.0,0.006219358803986711,0.0,0.0,0.004491803986710964,0.0,0.0
array,lookup,l0,3.237896,0.9225673333333333,0.9225673333333333,3.3569767441860465,0.9211627906976743,0.9211627906976743,7.322316976744186,2.009647528239203,2.009647528239203,26.384867707641195,14.022456940199335,14.022456940199335,5.063278431893687,1.9982097774086376,1.9982097774086376,0.0015284617940199336,1.7053156146179483e-05,1.7053156146179483e-05,0.006301205980066445,8.184717607973447e-05,8.184717607973447e-05,0.004393003322259136,-9.880066445182734e-05,-9.880066445182734e-05
array,lookup,l1,9.688115,7.372786333333333,6.450219,9.807607973421927,7.371794019933555,6.4506312292358805,21.393183019933556,16.080513571428572,14.070866043189369,70.41369574418604,58.051284976744185,44.02882803654485,11.074105604651162,8.009036950166113,6.010827172757475,0.0016831295681063122,0.00017172093023255807,0.0001546677740863786,0.006752976744186047,0.000533617940199336,0.00045177076411960157,0.004489222591362126,-2.5813953488376326e-06,9.621926910298971e-05
array,lookup,l2,13.374741666666667,11.059413,3.686626666666667,13.495448504983388,11.059634551495016,3.687840531561461,29.437137312292357,24.124467863787373,8.043954292358801,110.43913676079734,98.07672599335548,40.025441016611296,19.079093372093023,16.014024717607974,8.004987767441861,0.0017630830564784052,0.00025167441860465107,7.9953488372093e-05,0.0070593421926910295,0.0008399833887043186,0.00030636544850498257,0.004556013289036545,6.42093023255812e-05,6.679069767441884e-05
array,lookup,l3,12.941075,10.625746333333332,-0.4336666666666673,13.061528239202659,10.625714285714286,-0.4339202657807295,28.49066446511628,23.177995016611295,-0.9464728471760786,96.44169867774086,84.079287910299,-13.99743808305648,16.074141936877076,13.009073282392027,-3.004951435215947,0.0017471162790697675,0.00023570764119601332,-1.5966777408637752e-05,0.007123554817275748,0.0009041960132890369,6.421262458471827e-05,0.0045076046511627905,1.5800664451826735e-05,-4.840863787375447e-05
array,update,control,2.7747073333333336,0.0,0.0,2.894916943521595,0.0,0.0,6.314012249169435,0.0,0.0,14.367395963455149,0.0,0.0,3.065561102990033,0.0,0.0,0.0015242923588039867,0.0,0.0,0.006212883720930233,0.0,0.0,0.004477691029900332,0.0,0.0
array,update,l0,7.805472333333333,5.030765,5.030765,7.925681063122924,5.030764119601329,5.030764119601329,17.287820322259137,10.973808073089701,10.973808073089701,57.441703641196014,43.07430767774086,43.07430767774086,14.07284892358804,11.007287820598007,11.007287820598007,0.0017274252491694352,0.00020313289036544844,0.00020313289036544844,0.006644634551495016,0.00043175083056478346,0.00043175083056478346,0.004540837209302325,6.31461794019933e-05,6.31461794019933e-05
array,update,l1,16.01621533333333,13.241507999999998,8.210742999999997,16.13860465116279,13.243687707641195,8.212923588039867,35.20167113953488,28.887658890365444,17.913850817275744,118.45322079069767,104.08582482724252,61.01151714950166,22.089896837209302,19.02433573421927,8.017047913621262,0.0018140199335548173,0.0002897275747508305,8.659468438538208e-05,0.008156136212624584,0.0019432524916943514,0.001511501661129568,0.004774926910299003,0.00029723588039867136,0.00023408970099667806
array,update,l2,21.124138333333335,18.349431000000003,5.107923000000003,21.245116279069766,18.350199335548172,5.1065116279069755,46.34221833887043,40.028206089700994,11.14054719933555,168.4924951727575,154.12509920930233,50.039274382059816,30.09149842524917,27.02593732225914,8.001601588039868,0.001895966777408638,0.00037167441860465117,8.194684385382065e-05,0.007602265780730897,0.0013893820598006642,-0.0005538704318936872,0.004774870431893688,0.000297179401993356,-5.647840531537718e-08
array,update,l3,19.273157666666666,16.49845033333333,-1.8509806666666684,19.395514950166113,16.50059800664452,-1.8496013289036526,42.30702303654485,35.99301078737541,-4.035195302325583,142.4801391860465,128.11274322259135,-26.012355986710986,27.08559700332226,24.020035900332225,-3.005901421926911,0.0018782126245847177,0.00035392026578073095,-1.775415282392022e-05,0.007630594684385382,0.001417710963455149,2.832890365448478e-05,0.004674893687707641,0.0001972026578073091,-9.997674418604687e-05
hash,lookup,control,2.3173496666666664,0.0,0.0,3.8751612903225805,0.0,0.0,8.445710419354839,0.0,0.0,17.376296225806453,0.0,0.0,3.794494,0.0,0.0,0.006455354838709677,0.0,0.0,0.07237177419354839,0.0,0.0,0.05594609677419355,0.0,0.0
hash,lookup,lock,15.654925333333333,13.337575666666666,13.337575666666666,17.19645161290323,13.321290322580648,13.321290322580648,37.504102548387095,29.058392129032256,29.058392129032256,40.437905,23.061608774193548,23.061608774193548,10.80337670967742,7.008882709677419,7.008882709677419,0.006837129032258064,0.00038177419354838704,0.00038177419354838704,0.0720153870967742,-0.00035638709677418556,-0.00035638709677418556,0.05662432258064516,0.0006782258064516114,0.0006782258064516114
hash,lookup,l0,60.71943666666667,58.402087,45.064511333333336,62.23258064516129,58.35741935483871,45.03612903225806,135.7416209032258,127.29591048387095,98.2375183548387,205.85998758064517,188.48369135483873,165.42208258064517,40.09080148387097,36.29630748387097,29.28742477419355,0.18268683870967742,0.17623148387096774,0.17584970967741936,0.07892296774193548,0.0065511935483870964,0.006907580645161282,0.05787064516129032,0.0019245483870967695,0.001246322580645158
hash,lookup,l1,74.00310333333333,71.68575366666666,13.283666666666662,75.5758064516129,71.70064516129032,13.343225806451613,164.83507470967743,156.3893642903226,29.093453806451635,254.51255903225805,237.1362628064516,48.652571451612886,54.33183222580645,50.53733822580645,14.241030741935482,0.25397387096774193,0.24751851612903225,0.07128703225806451,0.08797761290322581,0.015605838709677425,0.009054645161290328,0.057399193548387094,0.0014530967741935435,-0.0004714516129032259
hash,lookup,l2,76.875222,74.55787233333332,2.8721186666666654,78.5083870967742,74.63322580645162,2.932580645161295,171.23790858064515,162.79219816129032,6.402833870967726,293.7144559677419,276.33815974193544,39.20189693548386,61.98387877419355,58.18938477419355,7.652046548387098,0.1672143870967742,0.1607590322580645,-0.08675948387096774,0.08883425806451613,0.016462483870967742,0.0008566451612903175,0.05841677419354839,0.00247067741935484,0.0010175806451612965
hash,lookup,l3,86.220188,83.90283833333332,9.344966,87.68193548387097,83.80677419354839,9.173548387096773,191.24223896774194,182.7965285483871,20.004330387096786,298.3700296774194,280.9937334516129,4.655573709677469,63.879508838709675,60.085014838709675,1.8956300645161264,0.5284690322580645,0.5220136774193549,0.36125464516129036,0.08488958064516129,0.012517806451612906,-0.003944677419354836,0.05777887096774194,0.001832774193548388,-0.0006379032258064521
hash,update,control,2.774825,0.0,0.0,4.315806451612903,0.0,0.0,9.408246774193548,0.0,0.0,18.398978967741936,0.0,0.0,3.7937022258064514,0.0,0.0,0.006424387096774194,0.0,0.0,0.0704055806451613,0.0,0.0,0.05573767741935484,0.0,0.0
hash,update,lock,15.652714333333334,12.877889333333334,12.877889333333334,17.178387096774195,12.862580645161291,12.862580645161291,37.464489032258065,28.056242258064515,28.056242258064515,41.434312,23.035333032258063,23.035333032258063,10.80098770967742,7.007285483870969,7.007285483870969,0.006865677419354839,0.0004412903225806449,0.0004412903225806449,0.07010383870967742,-0.00030174193548387906,-0.00030174193548387906,0.055979,0.0002413225806451591,0.0002413225806451591
hash,update,l0,64.99785933333332,62.223034333333324,49.34514499999999,66.53806451612903,62.222258064516126,49.35967741935483,145.12177967741937,135.71353290322583,107.65729064516131,239.3178977419355,220.91891877419357,197.8835857419355,46.82445470967742,43.03075248387097,36.023467,0.17265629032258065,0.16623190322580644,0.1657906129032258,0.08152290322580645,0.011117322580645156,0.011419064516129035,0.059010129032258066,0.003272451612903224,0.0030311290322580647
hash,update,l1,85.07550566666667,82.30068066666666,20.077646333333348,86.61709677419354,82.30129032258064,20.079032258064515,188.92508287096774,179.5168360967742,43.80330319354837,313.7007451935484,295.3017662258065,74.38284745161292,61.736839612903225,57.943137387096776,14.912384903225806,0.39360206451612906,0.3871776774193549,0.2209457741935484,0.08552687096774193,0.015121290322580638,0.0040039677419354824,0.05652448387096774,0.0007868064516129009,-0.002485645161290323
hash,update,l2,91.04928666666666,88.27446166666667,5.973780999999988,92.59,88.2741935483871,5.972903225806462,201.95367622580645,192.5454294516129,13.028593354838705,363.67108722580645,345.2721082580645,49.97034203225803,69.7263366451613,65.93263441935484,7.989497032258072,0.40498629032258066,0.3985619032258065,0.011384225806451598,0.08706990322580645,0.016664322580645152,0.001543032258064514,0.05869383870967742,0.0029561612903225773,0.0021693548387096764
hash,update,l3,87.474536,84.69971100000001,-3.5747506666666595,89.02677419354839,84.71096774193549,-3.5632258064516122,194.18715151612903,184.7789047419355,-7.766524709677412,360.701494483871,342.30251551612906,-2.9695927419354575,69.76416432258064,65.97046209677418,0.037827677419343786,0.36867935483870967,0.3622549677419355,-0.03630693548387098,0.08169448387096774,0.011288903225806446,-0.005375419354838706,0.05835216129032258,0.002614483870967736,-0.0003416774193548411
