map,operation,stat,pair,noop_wall_ns,real_wall_ns,net_wall_ns,noop_task-clock,real_task-clock,net_task-clock,noop_cycles,real_cycles,net_cycles,noop_instructions,real_instructions,net_instructions,noop_branches,real_branches,net_branches,noop_branch-misses,real_branch-misses,net_branch-misses,noop_cache-references,real_cache-references,net_cache-references,noop_cache-misses,real_cache-misses,net_cache-misses
array,lookup,pair,1,2.773515,12.716046,9.942531,2.933720930232558,12.874983388704319,9.94126245847176,6.3982463122923585,28.083874282392028,21.68562797009967,15.465729661129568,96.53920624916944,81.07347658803987,3.084905272425249,17.096097787375417,14.011192514950167,0.00228412292358804,0.002519299003322259,0.00023517607973421936,0.010590102990033223,0.01120646511627907,0.0006163621262458476,0.005733767441860465,0.005761571428571428,2.780398671096366e-05
array,lookup,pair,2,2.7725603333333333,12.787058333333333,10.014498,2.931661129568106,12.945481727574752,10.013820598006646,6.393864119601329,28.237219674418604,21.843355554817276,15.462091627906977,96.51031300332225,81.04822137541528,3.0836296312292357,17.088775096345515,14.005145465116279,0.002242495016611296,0.0024262225913621264,0.00018372757475083054,0.01066097342192691,0.011189076411960134,0.0005281029900332228,0.00543906976744186,0.005529976744186047,9.090697674418637e-05
array,lookup,pair,3,2.7770616666666665,12.761015,9.983953333333334,2.9366112956810633,12.91953488372093,9.982923588039867,6.404842551495016,28.180198335548173,21.775355784053158,15.463617644518273,96.48931690033223,81.02569925581395,3.0833064485049833,17.09292029900332,14.009613850498338,0.0026478704318936876,0.0024804451827242524,-0.0001674252491694352,0.010662239202657808,0.011147707641196013,0.00048546843853820507,0.005595943521594684,0.005750019933554817,0.00015407641196013306
array,lookup,pair,4,2.779227,12.820958666666666,10.041731666666665,2.939202657807309,12.98046511627907,10.041262458471762,6.409931468438538,28.31398831893688,21.904056850498343,15.472507388704319,96.55724651827242,81.0847391295681,3.085501315614618,17.08946756478405,14.003966249169434,0.002769890365448505,0.0024894152823920265,-0.00028047508305647844,0.010751558139534883,0.011758840531561461,0.0010072823920265778,0.005820637873754152,0.005859654485049834,3.901661129568183e-05
array,lookup,pair,5,2.778689,12.729742,9.951053,2.937043189368771,12.888571428571428,9.951528239202657,6.405948471760797,28.11306215282392,21.707113681063124,15.468690900332225,96.5553136744186,81.08662277408638,3.0838493255813955,17.094096863787374,14.010247538205979,0.0028096046511627906,0.0024661760797342193,-0.00034342857142857135,0.010597279069767441,0.011642335548172757,0.0010450564784053162,0.005581023255813953,0.005788661129568107,0.00020763787375415333
array,lookup,median,,2.7770616666666665,12.761015,9.983953333333334,2.9366112956810633,12.91953488372093,9.982923588039867,6.404842551495016,28.180198335548173,21.775355784053158,15.465729661129568,96.53920624916944,81.07347658803987,3.0838493255813955,17.09292029900332,14.009613850498338,0.0026478704318936876,0.0024804451827242524,-0.0001674252491694352,0.01066097342192691,0.01120646511627907,0.0006163621262458476,0.005595943521594684,0.005761571428571428,9.090697674418637e-05
array,lookup,min,,2.7725603333333333,12.716046,9.942531,2.931661129568106,12.874983388704319,9.94126245847176,6.393864119601329,28.083874282392028,21.68562797009967,15.462091627906977,96.48931690033223,81.02569925581395,3.0833064485049833,17.088775096345515,14.003966249169434,0.002242495016611296,0.0024262225913621264,-0.00034342857142857135,0.010590102990033223,0.011147707641196013,0.00048546843853820507,0.00543906976744186,0.005529976744186047,2.780398671096366e-05
array,lookup,max,,2.779227,12.820958666666666,10.041731666666665,2.939202657807309,12.98046511627907,10.041262458471762,6.409931468438538,28.31398831893688,21.904056850498343,15.472507388704319,96.55724651827242,81.08662277408638,3.085501315614618,17.096097787375417,14.011192514950167,0.0028096046511627906,0.002519299003322259,0.00023517607973421936,0.010751558139534883,0.011758840531561461,0.0010450564784053162,0.005820637873754152,0.005859654485049834,0.00020763787375415333
array,update,pair,1,2.7792293333333333,22.214277666666668,19.435048333333334,2.937740863787375,22.371627906976745,19.43388704318937,6.407314644518272,48.79866818272425,42.391353538205976,14.46540330564784,157.60393336212624,143.1385300564784,3.08200873089701,29.10663269435216,26.024623963455152,0.002693063122923588,0.0027097774086378736,1.6714285714285702e-05,0.010586308970099668,0.012467504983388705,0.0018811960132890364,0.005603139534883721,0.0059377441860465115,0.00033460465116279085
array,update,pair,2,2.772851333333333,22.208067,19.435215666666668,2.931594684385382,22.365116279069767,19.433521594684386,6.393895222591362,48.78409342524917,42.39019820265781,14.45825634219269,157.5812056744186,143.12294933222591,3.082880521594684,29.106229372093022,26.023348850498337,0.00226197342192691,0.0027331162790697676,0.0004711428571428575,0.010626365448504984,0.012313986710963455,0.0016876212624584719,0.005457691029900332,0.0059906578073089705,0.0005329667774086385
array,update,pair,3,2.777345,22.203094333333333,19.425749333333332,2.9361129568106312,22.360033222591362,19.42392026578073,6.4037877408637875,48.77311958139535,42.36933184053156,14.461668757475083,157.6136156744186,143.15194691694353,3.083054481727575,29.10552027574751,26.022465794019933,0.0027284352159468437,0.0027302259136212626,1.7906976744188827e-06,0.010561594684385382,0.012125717607973423,0.0015641229235880405,0.005658465116279069,0.005788511627906977,0.00013004651162790756
array,update,pair,4,2.7825923333333336,22.233937666666666,19.451345333333332,2.940531561461794,22.3912292358804,19.450697674418606,6.413366019933555,48.84166017275748,42.42829415282392,14.463053983388704,157.6030955681063,143.1400415847176,3.084793006644518,29.10540489036545,26.02061188372093,0.003207156146179402,0.002755495016611296,-0.00045166112956810615,0.010539700996677741,0.012235578073089701,0.0016958770764119602,0.00560456146179402,0.0059355813953488375,0.00033101993355481776
array,update,pair,5,2.776956666666667,22.226449,19.449492333333332,2.93468438538206,22.38372093023256,19.4490365448505,6.40070888372093,48.82402372425249,42.42331484053156,14.45519946179402,157.5815048305648,143.12630536877077,3.082291465116279,29.106218744186048,26.02392727906977,0.0026379102990033224,0.0027629800664451826,0.00012506976744186028,0.010491073089700997,0.012207724252491694,0.0017166511627906972,0.005574189368770764,0.005791295681063123,0.00021710631229235854
array,update,median,,2.777345,22.214277666666668,19.435215666666668,2.9361129568106312,22.371627906976745,19.43388704318937,6.4037877408637875,48.79866818272425,42.391353538205976,14.461668757475083,157.6030955681063,143.1385300564784,3.082880521594684,29.106218744186048,26.023348850498337,0.002693063122923588,0.0027331162790697676,1.6714285714285702e-05,0.010561594684385382,0.012235578073089701,0.0016958770764119602,0.005603139534883721,0.0059355813953488375,0.00033101993355481776
array,update,min,,2.772851333333333,22.203094333333333,19.425749333333332,2.931594684385382,22.360033222591362,19.42392026578073,6.393895222591362,48.77311958139535,42.36933184053156,14.45519946179402,157.5812056744186,143.12294933222591,3.08200873089701,29.10540489036545,26.02061188372093,0.00226197342192691,0.0027097774086378736,-0.00045166112956810615,0.010491073089700997,0.012125717607973423,0.0015641229235880405,0.005457691029900332,0.005788511627906977,0.00013004651162790756
array,update,max,,2.7825923333333336,22.233937666666666,19.451345333333332,2.940531561461794,22.3912292358804,19.450697674418606,6.413366019933555,48.84166017275748,42.42829415282392,14.46540330564784,157.6136156744186,143.15194691694353,3.084793006644518,29.10663269435216,26.024623963455152,0.003207156146179402,0.0027629800664451826,0.0004711428571428575,0.010626365448504984,0.012467504983388705,0.0018811960132890364,0.005658465116279069,0.0059906578073089705,0.0005329667774086385
hash,lookup,pair,1,2.7857266666666667,78.465718,75.67999133333333,3.5781967213114756,79.25590163934426,75.67770491803279,7.79877493442623,172.87139259016394,165.0726176557377,17.157231704918033,278.25853414754096,261.1013024426229,3.401834475409836,59.49512345901639,56.093288983606556,0.007684393442622951,0.21710790163934426,0.20942350819672131,0.051094,0.0620524262295082,0.010958426229508197,0.02822327868852459,0.029208081967213115,0.0009848032786885265
hash,lookup,pair,2,2.78006,80.10586733333334,77.32580733333333,3.5711475409836066,80.8916393442623,77.3204918032787,7.78277593442623,176.4353928852459,168.65261695081966,17.12828857377049,280.7322756557377,263.6039870819672,3.3916160983606556,60.50730152459016,57.115685426229504,0.007190311475409836,0.29584675409836064,0.2886564426229508,0.05182439344262295,0.06565532786885246,0.013830934426229513,0.028243704918032787,0.029486737704918033,0.001243032786885246
hash,lookup,pair,3,2.783592666666667,78.457673,75.67408033333334,3.570327868852459,79.24311475409836,75.6727868852459,7.782431967213115,172.84228496721312,165.059853,17.128866885245902,278.9339158360656,261.8050489508197,3.390489426229508,59.78237757377049,56.39188814754098,0.00785932786885246,0.2221599344262295,0.21430060655737704,0.05121483606557377,0.06683183606557377,0.015617000000000006,0.027287,0.02925354098360656,0.00196654098360656
hash,lookup,pair,4,2.7739106666666666,78.20536533333333,75.43145466666667,3.5631147540983608,78.99491803278688,75.43180327868852,7.767385803278689,172.30287475409835,164.53548895081965,17.119089590163934,279.17474529508195,262.055655704918,3.3835353278688522,59.87306213114754,56.48952680327869,0.006561245901639344,0.20992939344262296,0.20336814754098362,0.05161504918032787,0.06485668852459016,0.013241639344262292,0.025760426229508197,0.029571557377049182,0.0038111311475409852
hash,lookup,pair,5,2.7795113333333332,79.63753200000001,76.85802066666668,3.566393442622951,80.42213114754098,76.85573770491803,7.7746576557377045,175.4159162786885,167.6412586229508,17.126678278688523,278.9118665737705,261.785188295082,3.3894298196721313,59.769333098360654,56.37990327868852,0.0073762295081967215,0.26437432786885245,0.25699809836065574,0.05159549180327869,0.0635132131147541,0.011917721311475407,0.02723488524590164,0.029384524590163934,0.002149639344262294
hash,lookup,median,,2.78006,78.465718,75.67999133333333,3.570327868852459,79.25590163934426,75.67770491803279,7.782431967213115,172.87139259016394,165.0726176557377,17.12828857377049,278.9339158360656,261.8050489508197,3.390489426229508,59.78237757377049,56.39188814754098,0.0073762295081967215,0.2221599344262295,0.21430060655737704,0.05159549180327869,0.06485668852459016,0.013241639344262292,0.027287,0.029384524590163934,0.00196654098360656
hash,lookup,min,,2.7739106666666666,78.20536533333333,75.43145466666667,3.5631147540983608,78.99491803278688,75.43180327868852,7.767385803278689,172.30287475409835,164.53548895081965,17.119089590163934,278.25853414754096,261.1013024426229,3.3835353278688522,59.49512345901639,56.093288983606556,0.006561245901639344,0.20992939344262296,0.20336814754098362,0.051094,0.0620524262295082,0.010958426229508197,0.025760426229508197,0.029208081967213115,0.0009848032786885265
hash,lookup,max,,2.7857266666666667,80.10586733333334,77.32580733333333,3.5781967213114756,80.8916393442623,77.3204918032787,7.79877493442623,176.4353928852459,168.65261695081966,17.157231704918033,280.7322756557377,263.6039870819672,3.401834475409836,60.50730152459016,57.115685426229504,0.00785932786885246,0.29584675409836064,0.2886564426229508,0.05182439344262295,0.06683183606557377,0.015617000000000006,0.028243704918032787,0.029571557377049182,0.0038111311475409852
hash,update,pair,1,2.7829333333333333,87.10394733333334,84.321014,3.5585245901639344,87.8860655737705,84.32754098360655,7.757238213114754,191.69013004918034,183.93289183606558,16.078053573770493,338.9918062622951,322.9137526885246,3.3783811475409835,67.78781657377048,64.4094354262295,0.007451852459016394,0.26085427868852457,0.25340242622950815,0.050674245901639346,0.06728681967213115,0.016612573770491808,0.02666983606557377,0.029240131147540982,0.002570295081967211
hash,update,pair,2,2.7748316666666666,109.51145466666667,106.736623,3.557704918032787,110.29196721311476,106.73426229508198,7.756647098360656,240.55984113114755,232.8031940327869,16.093240180327868,340.50757550819674,324.41433532786886,3.389999344262295,68.36729396721312,64.97729462295082,0.007026196721311475,0.38664083606557376,0.37961463934426226,0.050721213114754096,0.0738220655737705,0.0231008524590164,0.027548180327868852,0.029013803278688525,0.0014656229508196728
hash,update,pair,3,2.7828406666666665,85.304679,82.52183833333332,3.5677049180327867,86.08688524590164,82.51918032786885,7.778249475409836,187.76711650819672,179.98886703278689,16.124616918032785,338.9308017704918,322.80618485245907,3.3900533606557377,67.75301931147541,64.36296595081967,0.007940918032786886,0.2049516393442623,0.19701072131147543,0.05127077049180328,0.06511281967213114,0.013842049180327866,0.0276047868852459,0.029189262295081966,0.0015844754098360662
hash,update,pair,4,2.780482,91.43140933333333,88.65092733333333,3.5665573770491803,92.20868852459016,88.64213114754098,7.774348836065574,201.1223652295082,193.34801639344263,16.09846249180328,340.3043342295082,324.2058717377049,3.3823356393442623,68.31633104918033,64.93399540983607,0.007246049180327869,0.4624327868852459,0.455186737704918,0.051180688524590165,0.06058522950819672,0.009404540983606553,0.02735504918032787,0.02918,0.001824950819672131
hash,update,pair,5,2.7837883333333333,83.49754633333333,80.713758,3.567049180327869,84.27737704918033,80.71032786885246,7.77664875409836,183.8259857377049,176.04933698360657,16.095253229508195,337.92494867213117,321.82969544262295,3.3845119344262296,67.37357655737705,63.98906462295082,0.007852573770491804,0.13807560655737705,0.13022303278688524,0.05104585245901639,0.062047639344262294,0.011001786885245904,0.027773245901639345,0.028530508196721312,0.0007572622950819674
hash,update,median,,2.7828406666666665,87.10394733333334,84.321014,3.5665573770491803,87.8860655737705,84.32754098360655,7.774348836065574,191.69013004918034,183.93289183606558,16.095253229508195,338.9918062622951,322.9137526885246,3.3845119344262296,67.78781657377048,64.4094354262295,0.007451852459016394,0.26085427868852457,0.25340242622950815,0.05104585245901639,0.06511281967213114,0.013842049180327866,0.027548180327868852,0.02918,0.0015844754098360662
hash,update,min,,2.7748316666666666,83.49754633333333,80.713758,3.557704918032787,84.27737704918033,80.71032786885246,7.756647098360656,183.8259857377049,176.04933698360657,16.078053573770493,337.92494867213117,321.82969544262295,3.3783811475409835,67.37357655737705,63.98906462295082,0.007026196721311475,0.13807560655737705,0.13022303278688524,0.050674245901639346,0.06058522950819672,0.009404540983606553,0.02666983606557377,0.028530508196721312,0.0007572622950819674
hash,update,max,,2.7837883333333333,109.51145466666667,106.736623,3.5677049180327867,110.29196721311476,106.73426229508198,7.778249475409836,240.55984113114755,232.8031940327869,16.124616918032785,340.50757550819674,324.41433532786886,3.3900533606557377,68.36729396721312,64.97729462295082,0.007940918032786886,0.4624327868852459,0.455186737704918,0.05127077049180328,0.0738220655737705,0.0231008524590164,0.027773245901639345,0.029240131147540982,0.002570295081967211
