family,case,mode,run,metric,value_per_helper
array,array_lookup,cache_control,01,cycles,57.209586050
array,array_lookup,cache_control,01,instructions,258.452900100
array,array_lookup,cache_control,02,cycles,56.716450000
array,array_lookup,cache_control,02,instructions,258.417700350
array,array_lookup,cache_control,03,cycles,56.639423400
array,array_lookup,cache_control,03,instructions,258.421392500
array,array_lookup,cached_handler,01,cycles,52.816992950
array,array_lookup,cached_handler,01,instructions,232.018350950
array,array_lookup,cached_handler,02,cycles,52.609307800
array,array_lookup,cached_handler,02,instructions,232.066648500
array,array_lookup,cached_handler,03,cycles,52.545095100
array,array_lookup,cached_handler,03,instructions,232.013219250
array,array_lookup,direct_map,01,cycles,42.421372050
array,array_lookup,direct_map,01,instructions,180.414188850
array,array_lookup,direct_map,02,cycles,42.718724400
array,array_lookup,direct_map,02,instructions,180.472694300
array,array_lookup,direct_map,03,cycles,42.702527500
array,array_lookup,direct_map,03,instructions,180.445749100
array,array_update,cache_control,01,cycles,63.712810600
array,array_update,cache_control,01,instructions,300.430046250
array,array_update,cache_control,02,cycles,63.773735450
array,array_update,cache_control,02,instructions,300.423460550
array,array_update,cache_control,03,cycles,63.175429500
array,array_update,cache_control,03,instructions,300.420340550
array,array_update,cached_handler,01,cycles,59.548393300
array,array_update,cached_handler,01,instructions,274.064467950
array,array_update,cached_handler,02,cycles,59.240294600
array,array_update,cached_handler,02,instructions,274.067539800
array,array_update,cached_handler,03,cycles,59.562132500
array,array_update,cached_handler,03,instructions,274.012715250
array,array_update,direct_map,01,cycles,50.457513700
array,array_update,direct_map,01,instructions,220.479436100
array,array_update,direct_map,02,cycles,49.955517100
array,array_update,direct_map,02,instructions,220.442090600
array,array_update,direct_map,03,cycles,49.897774100
array,array_update,direct_map,03,instructions,220.452779900
array,percpu_array_lookup,base,01,cycles,69.296293600
array,percpu_array_lookup,base,01,instructions,312.131708750
array,percpu_array_lookup,base,02,cycles,68.436594600
array,percpu_array_lookup,base,02,instructions,312.131554000
array,percpu_array_lookup,base,03,cycles,68.343771200
array,percpu_array_lookup,base,03,instructions,312.139721950
array,percpu_array_lookup,cache_control,01,cycles,76.326463600
array,percpu_array_lookup,cache_control,01,instructions,361.473357900
array,percpu_array_lookup,cache_control,02,cycles,76.068152800
array,percpu_array_lookup,cache_control,02,instructions,361.420141900
array,percpu_array_lookup,cache_control,03,cycles,76.350991100
array,percpu_array_lookup,cache_control,03,instructions,361.464549450
array,percpu_array_lookup,cached_handler,01,cycles,73.673843100
array,percpu_array_lookup,cached_handler,01,instructions,335.051551050
array,percpu_array_lookup,cached_handler,02,cycles,71.650999650
array,percpu_array_lookup,cached_handler,02,instructions,335.030634700
array,percpu_array_lookup,cached_handler,03,cycles,72.170649650
array,percpu_array_lookup,cached_handler,03,instructions,335.046219050
array,percpu_array_lookup,direct_map,01,cycles,60.839787400
array,percpu_array_lookup,direct_map,01,instructions,286.514130400
array,percpu_array_lookup,direct_map,02,cycles,60.920051000
array,percpu_array_lookup,direct_map,02,instructions,286.444782800
array,percpu_array_lookup,direct_map,03,cycles,60.997191750
array,percpu_array_lookup,direct_map,03,instructions,286.473459150
array,percpu_array_lookup,percpu_array_direct,01,cycles,55.045524850
array,percpu_array_lookup,percpu_array_direct,01,instructions,263.200664100
array,percpu_array_lookup,percpu_array_direct,02,cycles,55.367089050
array,percpu_array_lookup,percpu_array_direct,02,instructions,263.137099150
array,percpu_array_lookup,percpu_array_direct,03,cycles,55.133890250
array,percpu_array_lookup,percpu_array_direct,03,instructions,263.161141750
array,percpu_array_lookup,percpu_array_fixed_cpu,01,cycles,50.106771550
array,percpu_array_lookup,percpu_array_fixed_cpu,01,instructions,233.515760200
array,percpu_array_lookup,percpu_array_fixed_cpu,02,cycles,50.092720750
array,percpu_array_lookup,percpu_array_fixed_cpu,02,instructions,233.468886800
array,percpu_array_lookup,percpu_array_fixed_cpu,03,cycles,50.172905100
array,percpu_array_lookup,percpu_array_fixed_cpu,03,instructions,233.455065650
array,percpu_array_update,base,01,cycles,143.822278100
array,percpu_array_update,base,01,instructions,563.174342700
array,percpu_array_update,base,02,cycles,143.600337400
array,percpu_array_update,base,02,instructions,563.242412000
array,percpu_array_update,base,03,cycles,143.785305050
array,percpu_array_update,base,03,instructions,563.201527000
array,percpu_array_update,cache_control,01,cycles,158.057883350
array,percpu_array_update,cache_control,01,instructions,613.548241800
array,percpu_array_update,cache_control,02,cycles,158.447445600
array,percpu_array_update,cache_control,02,instructions,613.530269800
array,percpu_array_update,cache_control,03,cycles,158.342077650
array,percpu_array_update,cache_control,03,instructions,613.510048750
array,percpu_array_update,cached_handler,01,cycles,148.329846650
array,percpu_array_update,cached_handler,01,instructions,587.123065150
array,percpu_array_update,cached_handler,02,cycles,147.575731500
array,percpu_array_update,cached_handler,02,instructions,587.110617950
array,percpu_array_update,cached_handler,03,cycles,147.688446850
array,percpu_array_update,cached_handler,03,instructions,587.110162950
array,percpu_array_update,direct_map,01,cycles,129.982768250
array,percpu_array_update,direct_map,01,instructions,535.544526850
array,percpu_array_update,direct_map,02,cycles,130.062759200
array,percpu_array_update,direct_map,02,instructions,535.538021150
array,percpu_array_update,direct_map,03,cycles,129.840546350
array,percpu_array_update,direct_map,03,instructions,535.557332750
array,percpu_array_update,percpu_array_direct,01,cycles,63.133173200
array,percpu_array_update,percpu_array_direct,01,instructions,305.171775900
array,percpu_array_update,percpu_array_direct,02,cycles,62.781467100
array,percpu_array_update,percpu_array_direct,02,instructions,305.190103950
array,percpu_array_update,percpu_array_direct,03,cycles,62.802896700
array,percpu_array_update,percpu_array_direct,03,instructions,305.182876500
array,percpu_array_update,percpu_array_fixed_cpu,01,cycles,58.016379900
array,percpu_array_update,percpu_array_fixed_cpu,01,instructions,275.448633700
array,percpu_array_update,percpu_array_fixed_cpu,02,cycles,57.783452850
array,percpu_array_update,percpu_array_fixed_cpu,02,instructions,275.462473300
array,percpu_array_update,percpu_array_fixed_cpu,03,cycles,57.969154750
array,percpu_array_update,percpu_array_fixed_cpu,03,instructions,275.463682850
array,percpu_array_update,percpu_array_no_copy,01,cycles,55.893008900
array,percpu_array_update,percpu_array_no_copy,01,instructions,266.310920950
array,percpu_array_update,percpu_array_no_copy,02,cycles,55.919526850
array,percpu_array_update,percpu_array_no_copy,02,instructions,266.301989500
array,percpu_array_update,percpu_array_no_copy,03,cycles,55.977032750
array,percpu_array_update,percpu_array_no_copy,03,instructions,266.321291900
hash,percpu_hash_lookup,base,01,cycles,339.352257950
hash,percpu_hash_lookup,base,01,instructions,1191.142126100
hash,percpu_hash_lookup,base,02,cycles,340.952012200
hash,percpu_hash_lookup,base,02,instructions,1190.550253750
hash,percpu_hash_lookup,base,03,cycles,341.107238150
hash,percpu_hash_lookup,base,03,instructions,1190.562496500
hash,percpu_hash_lookup,cache_control,01,cycles,353.884570350
hash,percpu_hash_lookup,cache_control,01,instructions,1239.833499050
hash,percpu_hash_lookup,cache_control,02,cycles,354.490245100
hash,percpu_hash_lookup,cache_control,02,instructions,1239.884864800
hash,percpu_hash_lookup,cache_control,03,cycles,353.868546100
hash,percpu_hash_lookup,cache_control,03,instructions,1239.871592000
hash,percpu_hash_lookup,cached_handler,01,cycles,347.009779850
hash,percpu_hash_lookup,cached_handler,01,instructions,1213.468202850
hash,percpu_hash_lookup,cached_handler,02,cycles,346.942654700
hash,percpu_hash_lookup,cached_handler,02,instructions,1213.459682750
hash,percpu_hash_lookup,cached_handler,03,cycles,346.424695200
hash,percpu_hash_lookup,cached_handler,03,instructions,1213.464568050
hash,percpu_hash_lookup,direct_map,01,cycles,332.210979950
hash,percpu_hash_lookup,direct_map,01,instructions,1172.163659400
hash,percpu_hash_lookup,direct_map,02,cycles,332.764388850
hash,percpu_hash_lookup,direct_map,02,instructions,1172.208816600
hash,percpu_hash_lookup,direct_map,03,cycles,331.737016750
hash,percpu_hash_lookup,direct_map,03,instructions,1172.209186350
hash,percpu_hash_lookup,percpu_hash_lookup_no_find,01,cycles,120.678906750
hash,percpu_hash_lookup,percpu_hash_lookup_no_find,01,instructions,513.834045500
hash,percpu_hash_lookup,percpu_hash_lookup_no_find,02,cycles,120.545211350
hash,percpu_hash_lookup,percpu_hash_lookup_no_find,02,instructions,513.772389250
hash,percpu_hash_lookup,percpu_hash_lookup_no_find,03,cycles,120.450176300
hash,percpu_hash_lookup,percpu_hash_lookup_no_find,03,instructions,513.771620300
hash,percpu_hash_update,base,01,cycles,464.965226750
hash,percpu_hash_update,base,01,instructions,1641.667251050
hash,percpu_hash_update,base,02,cycles,464.668254100
hash,percpu_hash_update,base,02,instructions,1641.641867500
hash,percpu_hash_update,base,03,cycles,464.520540850
hash,percpu_hash_update,base,03,instructions,1641.639661000
hash,percpu_hash_update,cache_control,01,cycles,477.804986200
hash,percpu_hash_update,cache_control,01,instructions,1692.004013050
hash,percpu_hash_update,cache_control,02,cycles,477.144912600
hash,percpu_hash_update,cache_control,02,instructions,1692.033720050
hash,percpu_hash_update,cache_control,03,cycles,477.569416700
hash,percpu_hash_update,cache_control,03,instructions,1691.968847000
hash,percpu_hash_update,cached_handler,01,cycles,470.540456800
hash,percpu_hash_update,cached_handler,01,instructions,1665.607173750
hash,percpu_hash_update,cached_handler,02,cycles,471.874325650
hash,percpu_hash_update,cached_handler,02,instructions,1665.672495150
hash,percpu_hash_update,cached_handler,03,cycles,471.685041900
hash,percpu_hash_update,cached_handler,03,instructions,1665.577338400
hash,percpu_hash_update,direct_map,01,cycles,453.404722500
hash,percpu_hash_update,direct_map,01,instructions,1621.300005150
hash,percpu_hash_update,direct_map,02,cycles,454.646216300
hash,percpu_hash_update,direct_map,02,instructions,1621.385351800
hash,percpu_hash_update,direct_map,03,cycles,454.147667850
hash,percpu_hash_update,direct_map,03,instructions,1621.302179700
hash,percpu_hash_update,percpu_hash_update_no_copy,01,cycles,363.609118550
hash,percpu_hash_update,percpu_hash_update_no_copy,01,instructions,1248.854657350
hash,percpu_hash_update,percpu_hash_update_no_copy,02,cycles,363.902225900
hash,percpu_hash_update,percpu_hash_update_no_copy,02,instructions,1248.885553500
hash,percpu_hash_update,percpu_hash_update_no_copy,03,cycles,363.156506400
hash,percpu_hash_update,percpu_hash_update_no_copy,03,instructions,1248.885466050
hash,percpu_hash_update,percpu_hash_update_no_find,01,cycles,144.717186000
hash,percpu_hash_update,percpu_hash_update_no_find,01,instructions,650.800237250
hash,percpu_hash_update,percpu_hash_update_no_find,02,cycles,144.752022300
hash,percpu_hash_update,percpu_hash_update_no_find,02,instructions,650.788819700
hash,percpu_hash_update,percpu_hash_update_no_find,03,cycles,144.851267200
hash,percpu_hash_update,percpu_hash_update_no_find,03,instructions,650.770542300
